#TimeStamp;MemoryUsage;RealTime;OverallControllerTimes
0;66.58;2.38;PP/0,TA/0,IS/0.01,PS/0,RB/0,OB/2.28,RP/0
59.99;78.73;3.31;PP/0.39,TA/0.02,IS/0.02,PS/0,RB/0.01,OB/2.48,RP/0
119.96;105.62;10.39;PP/0.47,TA/4.65,IS/0.04,PS/4.63,RB/0.01,OB/4.68,RP/0
179.98;107.04;15.08;PP/0.56,TA/5.06,IS/0.08,PS/5.03,RB/0.01,OB/8.68,RP/0
240;126.51;22.04;PP/0.66,TA/8.92,IS/0.12,PS/8.88,RB/0.01,OB/11.46,RP/0
299.98;130.21;28.69;PP/0.78,TA/12.41,IS/0.16,PS/12.37,RB/0.01,OB/14.31,RP/0
359.97;134.71;35.39;PP/0.89,TA/15.7,IS/0.2,PS/15.65,RB/0.01,OB/17.4,RP/0
419.97;135.3;39.35;PP/1.02,TA/15.99,IS/0.24,PS/15.94,RB/0.01,OB/20.73,RP/0
479.9;136.69;44.43;PP/1.17,TA/16.81,IS/0.28,PS/16.75,RB/0.01,OB/24.58,RP/0
539.97;136.05;48.47;PP/1.3,TA/17.17,IS/0.34,PS/17.1,RB/0.01,OB/27.88,RP/0
599.98;136.04;53.04;PP/1.43,TA/17.82,IS/0.39,PS/17.75,RB/0.01,OB/31.43,RP/0
659.98;135.6;56.67;PP/1.58,TA/18.64,IS/0.43,PS/18.57,RB/0.01,OB/33.85,RP/0
719.96;135.38;62.27;PP/1.69,TA/19.64,IS/0.48,PS/19.57,RB/0.01,OB/38.07,RP/0
779.97;134.71;66.24;PP/1.79,TA/20.39,IS/0.51,PS/20.31,RB/0.01,OB/40.98,RP/0
839.95;135;71.25;PP/1.99,TA/20.88,IS/0.54,PS/20.8,RB/0.01,OB/45.06,RP/0
899.68;135.17;74.75;PP/2.11,TA/21.41,IS/0.6,PS/21.32,RB/0.01,OB/47.7,RP/0
960;135.14;79.71;PP/2.23,TA/22.11,IS/0.64,PS/22.03,RB/0.01,OB/51.62,RP/0
1019.81;134.78;83.95;PP/2.33,TA/22.69,IS/0.69,PS/22.6,RB/0.01,OB/54.95,RP/0
1079.99;134.27;89.16;PP/2.47,TA/22.99,IS/0.73,PS/22.89,RB/0.01,OB/59.51,RP/0
1139.98;134.67;94.73;PP/2.85,TA/23.54,IS/0.77,PS/23.44,RB/0.01,OB/63.93,RP/0
1199.89;136.52;99.84;PP/2.98,TA/24.21,IS/0.81,PS/24.1,RB/0.01,OB/68,RP/0
1259.95;137.6;104.23;PP/3.11,TA/24.62,IS/0.85,PS/24.51,RB/0.01,OB/71.61,RP/0
1319.99;137.72;109.18;PP/3.25,TA/25.28,IS/0.9,PS/25.16,RB/0.01,OB/75.53,RP/0
1379.96;137.82;113.69;PP/3.39,TA/25.97,IS/0.93,PS/25.85,RB/0.01,OB/78.98,RP/0
1439.98;137.63;118.08;PP/3.55,TA/26.8,IS/0.97,PS/26.67,RB/0.01,OB/82.18,RP/0
1499.98;138.96;122.74;PP/3.68,TA/27.24,IS/1.02,PS/27.11,RB/0.01,OB/86.07,RP/0
1559.91;142.14;128.52;PP/3.83,TA/27.99,IS/1.06,PS/27.85,RB/0.01,OB/90.74,RP/0
1619.95;141.55;133.13;PP/3.96,TA/28.81,IS/1.09,PS/28.66,RB/0.01,OB/94.21,RP/0
1679.96;141.96;138.53;PP/4.08,TA/29.24,IS/1.12,PS/29.09,RB/0.01,OB/98.84,RP/0
1739.99;141.12;142.86;PP/4.24,TA/29.53,IS/1.15,PS/29.37,RB/0.01,OB/102.48,RP/0
1799.96;141.05;148.72;PP/4.37,TA/30.02,IS/1.18,PS/29.85,RB/0.01,OB/107.51,RP/0
1859.98;3727.93;267.97;PP/4.58,TA/31.22,IS/1.2,PS/31.06,RB/0.01,OB/225.05,RP/0
1919.99;3730.49;272.75;PP/4.79,TA/31.63,IS/1.23,PS/31.46,RB/0.01,OB/229,RP/0
1980;3772.74;276.35;PP/4.92,TA/32.13,IS/1.25,PS/31.95,RB/0.01,OB/231.75,RP/0
2039.96;3780.56;281.75;PP/5.07,TA/32.67,IS/1.28,PS/32.5,RB/0.01,OB/236.23,RP/0
2099.96;3787.72;286.03;PP/5.25,TA/33.05,IS/1.29,PS/32.87,RB/0.01,OB/239.76,RP/0
2159.98;3805.88;290.47;PP/5.41,TA/33.77,IS/1.31,PS/33.58,RB/0.01,OB/243.13,RP/0
2219.98;3812.91;294.55;PP/5.55,TA/34.15,IS/1.33,PS/33.96,RB/0.01,OB/246.49,RP/0
2279.87;3825.51;299.13;PP/5.71,TA/34.54,IS/1.35,PS/34.34,RB/0.01,OB/250.35,RP/0
2339.95;3833.15;303.89;PP/5.84,TA/35.13,IS/1.36,PS/34.93,RB/0.01,OB/254.2,RP/0
2399.9;3866.69;308.81;PP/5.98,TA/35.57,IS/1.38,PS/35.37,RB/0.01,OB/258.36,RP/0
2459.97;3885.07;313.49;PP/6.12,TA/36.07,IS/1.39,PS/35.86,RB/0.01,OB/262.21,RP/0
2519.98;1878.14;320.41;PP/6.28,TA/36.75,IS/1.4,PS/36.54,RB/0.01,OB/268.08,RP/0
2579.9;1879.52;343.13;PP/6.64,TA/37.64,IS/1.43,PS/37.42,RB/0.01,OB/288.97,RP/0
2639.96;1879.32;348.38;PP/6.76,TA/37.86,IS/1.45,PS/37.64,RB/0.01,OB/293.69,RP/0
2699.76;1879.87;352.46;PP/6.88,TA/38.1,IS/1.46,PS/37.88,RB/0.01,OB/297.26,RP/0
2759.97;1879.52;357.8;PP/6.96,TA/38.32,IS/1.46,PS/38.09,RB/0.01,OB/302.16,RP/0
2819.85;346.13;361.94;PP/7.03,TA/38.54,IS/1.48,PS/38.31,RB/0.01,OB/305.88,RP/0
2879.99;349.88;366.17;PP/7.13,TA/38.66,IS/1.48,PS/38.41,RB/0.01,OB/309.78,RP/0
2939.92;359.83;370.76;PP/7.24,TA/38.75,IS/1.49,PS/38.5,RB/0.01,OB/314.04,RP/0
2999.99;367.01;375.36;PP/7.51,TA/38.89,IS/1.5,PS/38.63,RB/0.01,OB/318.12,RP/0
3059.92;371.11;380.91;PP/7.58,TA/39.19,IS/1.51,PS/38.93,RB/0.01,OB/323.18,RP/0
3119.94;374.75;386.25;PP/7.65,TA/39.33,IS/1.51,PS/39.07,RB/0.01,OB/328.2,RP/0
3179.99;378.61;391.93;PP/7.73,TA/39.44,IS/1.52,PS/39.18,RB/0.01,OB/333.58,RP/0
3239.97;323.18;395.22;PP/7.8,TA/39.8,IS/1.52,PS/39.54,RB/0.01,OB/336.32,RP/0
3299.88;323.21;400.73;PP/7.88,TA/40.01,IS/1.53,PS/39.75,RB/0.01,OB/341.42,RP/0
3359.96;324.29;404.9;PP/7.96,TA/40.22,IS/1.53,PS/39.95,RB/0.01,OB/345.16,RP/0
3419.98;324.3;407.55;PP/8.01,TA/40.37,IS/1.54,PS/40.11,RB/0.01,OB/347.51,RP/0
3479.98;323.59;412.37;PP/8.07,TA/40.46,IS/1.54,PS/40.19,RB/0.01,OB/352.07,RP/0
3540;343.36;417.82;PP/8.35,TA/40.6,IS/1.55,PS/40.33,RB/0.01,OB/356.97,RP/0
3600;1004.71;425.67;PP/8.45,TA/40.95,IS/1.55,PS/40.67,RB/0.01,OB/364.27,RP/0
3659.89;1008.28;430.21;PP/8.51,TA/41.21,IS/1.56,PS/40.93,RB/0.01,OB/368.38,RP/0
3719.94;1012.54;434.72;PP/8.59,TA/41.52,IS/1.56,PS/41.23,RB/0.01,OB/372.37,RP/0
3779.96;1016.7;439.18;PP/8.66,TA/41.68,IS/1.56,PS/41.39,RB/0.01,OB/376.48,RP/0
3839.98;1020.07;444;PP/8.73,TA/41.78,IS/1.56,PS/41.48,RB/0.01,OB/381.01,RP/0
3899.98;1024.92;450.5;PP/8.83,TA/41.89,IS/1.56,PS/41.59,RB/0.01,OB/387.15,RP/0
3959.99;1028.09;454.92;PP/8.92,TA/42.03,IS/1.56,PS/41.73,RB/0.01,OB/391.23,RP/0
4019.96;1030.91;459.02;PP/8.99,TA/42.14,IS/1.56,PS/41.83,RB/0.01,OB/395.05,RP/0
4079.88;1034.3;463.38;PP/9.05,TA/42.28,IS/1.56,PS/41.98,RB/0.01,OB/399.11,RP/0
4139.96;1038.58;468.26;PP/9.13,TA/42.4,IS/1.56,PS/42.09,RB/0.01,OB/403.69,RP/0
4199.95;1049.94;472.56;PP/9.19,TA/42.5,IS/1.56,PS/42.19,RB/0.01,OB/407.7,RP/0
4259.83;1057.38;477.84;PP/9.3,TA/42.77,IS/1.56,PS/42.46,RB/0.01,OB/412.48,RP/0
4319.99;1062.92;482.57;PP/9.38,TA/42.95,IS/1.56,PS/42.64,RB/0.01,OB/416.83,RP/0
4379.99;1068.12;488.01;PP/9.45,TA/43.08,IS/1.56,PS/42.76,RB/0.01,OB/421.96,RP/0
4439.93;1072.18;492.54;PP/9.52,TA/43.19,IS/1.56,PS/42.88,RB/0.01,OB/426.2,RP/0
4499.97;1076.44;497.21;PP/9.58,TA/43.34,IS/1.56,PS/43.03,RB/0.01,OB/430.56,RP/0
4559.84;1080.98;501.84;PP/9.64,TA/43.58,IS/1.56,PS/43.26,RB/0.01,OB/434.8,RP/0
4619.98;1084.84;506.54;PP/9.7,TA/43.65,IS/1.56,PS/43.33,RB/0.01,OB/439.27,RP/0
4679.98;1090;512.27;PP/9.79,TA/43.78,IS/1.56,PS/43.46,RB/0.01,OB/444.66,RP/0
4739.97;1111.29;517.08;PP/9.86,TA/43.88,IS/1.56,PS/43.56,RB/0.01,OB/449.2,RP/0
4799.85;1165.25;521.76;PP/9.94,TA/44.03,IS/1.56,PS/43.71,RB/0.01,OB/453.52,RP/0
4859.99;946.79;526.96;PP/10.11,TA/44.36,IS/1.56,PS/44.04,RB/0.01,OB/458.07,RP/0
4919.89;947.61;530.89;PP/10.17,TA/44.44,IS/1.56,PS/44.12,RB/0.01,OB/461.76,RP/0
4979.88;368.84;534.88;PP/10.23,TA/44.59,IS/1.56,PS/44.27,RB/0.01,OB/465.45,RP/0
5039.79;380;540.27;PP/10.31,TA/44.72,IS/1.56,PS/44.4,RB/0.01,OB/470.52,RP/0
5099.97;400.14;546.25;PP/10.4,TA/44.97,IS/1.57,PS/44.65,RB/0.01,OB/476.03,RP/0
5159.98;413.35;550.82;PP/10.52,TA/45.44,IS/1.57,PS/45.12,RB/0.01,OB/479.9,RP/0
5219.97;416.5;554.32;PP/10.57,TA/45.56,IS/1.57,PS/45.23,RB/0.01,OB/483.12,RP/0
5279.99;419.36;559.92;PP/10.64,TA/45.63,IS/1.57,PS/45.31,RB/0.01,OB/488.48,RP/0
5339.89;422.5;564.11;PP/10.71,TA/45.78,IS/1.57,PS/45.45,RB/0.01,OB/492.34,RP/0
5399.97;490.16;569.04;PP/10.82,TA/46.01,IS/1.57,PS/45.68,RB/0.01,OB/496.83,RP/0
5459.98;1023.95;621.48;PP/10.97,TA/46.27,IS/1.58,PS/45.94,RB/0.01,OB/548.59,RP/0
5519.95;1328.94;677.74;PP/11.14,TA/46.99,IS/1.59,PS/46.66,RB/0.01,OB/603.7,RP/0
5579.96;1328.62;719.28;PP/11.2,TA/47.87,IS/1.6,PS/47.54,RB/0.01,OB/644.08,RP/0
5639.84;1338.16;727.08;PP/11.31,TA/48.29,IS/1.61,PS/47.95,RB/0.01,OB/651.19,RP/0
5700;1337.66;731.45;PP/11.42,TA/48.65,IS/1.62,PS/48.31,RB/0.01,OB/654.92,RP/0
5759.98;1347.22;737.53;PP/11.57,TA/48.81,IS/1.63,PS/48.46,RB/0.01,OB/660.51,RP/0
5819.77;1363.02;742.37;PP/11.82,TA/49.19,IS/1.63,PS/48.84,RB/0.01,OB/664.53,RP/0
5879.99;715.86;758.72;PP/12.04,TA/49.6,IS/1.64,PS/49.24,RB/0.01,OB/680.03,RP/0
5939.98;764.39;779.68;PP/12.2,TA/50.04,IS/1.66,PS/49.68,RB/0.01,OB/700.19,RP/0
5999.99;645.09;803.23;PP/12.32,TA/50.42,IS/1.68,PS/50.05,RB/0.01,OB/723.01,RP/0
6059.99;651.79;806.92;PP/12.43,TA/50.67,IS/1.69,PS/50.3,RB/0.01,OB/726.14,RP/0
6119.84;664.54;812;PP/12.82,TA/50.95,IS/1.72,PS/50.58,RB/0.01,OB/730.36,RP/0
6179.97;1136.66;819.52;PP/12.95,TA/51.11,IS/1.73,PS/50.73,RB/0.01,OB/737.4,RP/0
6239.93;767.46;839.6;PP/13.13,TA/51.33,IS/1.74,PS/50.95,RB/0.01,OB/756.85,RP/0
6299.96;778.66;844.16;PP/13.35,TA/51.49,IS/1.74,PS/51.11,RB/0.01,OB/760.83,RP/0
6360;696.29;860.1;PP/13.57,TA/51.69,IS/1.76,PS/51.3,RB/0.01,OB/776.12,RP/0
6419.9;703.65;927.06;PP/13.75,TA/51.89,IS/1.77,PS/51.49,RB/0.01,OB/842.35,RP/0
6479.99;4049.74;955.11;PP/13.91,TA/52.26,IS/1.78,PS/51.86,RB/0.01,OB/869.67,RP/0
6539.95;4507.72;1006.68;PP/14.05,TA/52.54,IS/1.78,PS/52.15,RB/0.01,OB/920.49,RP/0
6599.82;1936.95;1059.4;PP/14.18,TA/52.74,IS/1.79,PS/52.35,RB/0.01,OB/972.58,RP/0
6659.88;778.57;1100.49;PP/14.32,TA/53.22,IS/1.8,PS/52.82,RB/0.01,OB/1012.77,RP/0
6719.88;785.01;1126.06;PP/14.49,TA/53.44,IS/1.83,PS/53.03,RB/0.01,OB/1037.68,RP/0
6779.93;4040.55;1182.13;PP/14.65,TA/53.69,IS/1.85,PS/53.28,RB/0.01,OB/1093.1,RP/0
6839.97;4049.74;1186.54;PP/14.79,TA/54.03,IS/1.87,PS/53.62,RB/0.01,OB/1096.84,RP/0
6899.96;4089.82;1210.46;PP/15.33,TA/54.15,IS/1.91,PS/53.74,RB/0.02,OB/1119.83,RP/0
6959.99;4099.43;1247.13;PP/15.5,TA/54.41,IS/1.93,PS/53.99,RB/0.02,OB/1155.75,RP/0
7019.99;4122.88;1257.2;PP/15.68,TA/54.58,IS/1.95,PS/54.16,RB/0.02,OB/1165.26,RP/0
7079.99;808.14;1270.37;PP/15.94,TA/54.72,IS/1.98,PS/54.29,RB/0.02,OB/1177.78,RP/0
7140;814.46;1274.78;PP/16.07,TA/55.04,IS/2,PS/54.61,RB/0.02,OB/1181.53,RP/0
7199.99;831.8;1279.12;PP/16.2,TA/55.18,IS/2.04,PS/54.74,RB/0.02,OB/1185.4,RP/0
