#TimeStamp;PodsHandledAtIStations;PodsHandledAtOStations;ActiveIStations;ActiveOStations;IStationIdleTimes;OStationIdleTimes;IStationActiveTimes;OStationActiveTimes;IStationRequests;OStationRequests;IStationBundleBacklog;OStationItemBacklog;IStationAssignedBots;OStationAssignedBots;IStationPodsHandled;OStationPodsHandled;IStationBundlesStored;OStationItemsPicked
0;0;0;6;12;0/0,1/0,2/0,3/0,4/0,5/0;0/0,1/0,2/0,3/0,4/0,5/0,6/0,7/0,8/0,9/0,10/0,11/0;0/0,1/0,2/0,3/0,4/0,5/0;0/0,1/0,2/0,3/0,4/0,5/0,6/0,7/0,8/0,9/0,10/0,11/0;0/0,1/0,2/0,3/0,4/0,5/0;0/10,1/8,2/7,3/6,4/8,5/13,6/13,7/9,8/10,9/10,10/10,11/11;0/0,1/0,2/0,3/0,4/0,5/0;0/10,1/8,2/7,3/6,4/8,5/13,6/13,7/9,8/10,9/10,10/10,11/11;0/4,1/3,2/3,3/3,4/3,5/4;0/4,1/3,2/3,3/3,4/3,5/4,6/3,7/3,8/3,9/3,10/4,11/4;0/0,1/0,2/0,3/0,4/0,5/0;0/0,1/0,2/0,3/0,4/0,5/0,6/0,7/0,8/0,9/0,10/0,11/0;0/0,1/0,2/0,3/0,4/0,5/0;0/0,1/0,2/0,3/0,4/0,5/0,6/0,7/0,8/0,9/0,10/0,11/0
59.99;0;0;6;12;0/59.99,1/43.43,2/35.72,3/59.99,4/59.99,5/59.99;0/56.61,1/59.99,2/55.32,3/41.95,4/59.99,5/42.67,6/59.99,7/59.99,8/33,9/34.01,10/36.24,11/53.16;0/59.99,1/59.99,2/59.99,3/59.99,4/59.99,5/59.99;0/59.99,1/59.99,2/59.99,3/59.99,4/59.99,5/59.99,6/59.99,7/59.99,8/59.99,9/59.99,10/59.99,11/59.99;0/17,1/20,2/19,3/17,4/19,5/16;0/0,1/0,2/0,3/0,4/0,5/0,6/0,7/0,8/0,9/0,10/0,11/0;0/27,1/29,2/27,3/25,4/27,5/29;0/9,1/8,2/6,3/5,4/8,5/11,6/13,7/9,8/8,9/9,10/8,11/10;0/4,1/3,2/3,3/3,4/3,5/4;0/4,1/3,2/3,3/3,4/3,5/4,6/3,7/3,8/3,9/3,10/4,11/4;0/0,1/0,2/0,3/0,4/0,5/0;0/0,1/0,2/0,3/0,4/0,5/0,6/0,7/0,8/0,9/0,10/0,11/0;0/0,1/2,2/3,3/0,4/0,5/0;0/1,1/0,2/1,3/2,4/0,5/2,6/0,7/0,8/3,9/3,10/3,11/1
119.96;7;0;6;12;0/79.8,1/50.45,2/44.71,3/75.53,4/70.24,5/78.88;0/57.23,1/75.39,2/55.84,3/42.91,4/75.73,5/43.65,6/119.96,7/86.84,8/33.8,9/34.93,10/37.09,11/54.38;0/119.96,1/119.96,2/119.96,3/119.96,4/119.96,5/119.96;0/119.96,1/119.96,2/119.96,3/119.96,4/119.96,5/119.96,6/119.96,7/119.96,8/119.96,9/119.96,10/119.96,11/119.96;0/17,1/21,2/20,3/19,4/22,5/18;0/0,1/0,2/0,3/0,4/0,5/0,6/0,7/0,8/0,9/2,10/0,11/0;0/24,1/27,2/26,3/25,4/28,5/28;0/6,1/7,2/10,3/9,4/5,5/10,6/13,7/9,8/7,9/11,10/10,11/8;0/4,1/3,2/3,3/3,4/3,5/4;0/4,1/3,2/3,3/3,4/3,5/4,6/3,7/3,8/3,9/3,10/4,11/4;0/1,1/1,2/2,3/1,4/1,5/1;0/0,1/0,2/0,3/0,4/0,5/0,6/0,7/0,8/0,9/0,10/0,11/0;0/5,1/7,2/8,3/5,4/5,5/5;0/7,1/5,2/7,3/8,4/5,5/8,6/0,7/4,8/9,9/9,10/9,11/7
179.98;17;0;6;12;0/89.38,1/68.7,2/49.57,3/84.67,4/100.37,5/88.76;0/57.94,1/76.24,2/56.33,3/43.6,4/76.41,5/44.78,6/125.19,7/87.29,8/34.8,9/35.86,10/37.64,11/55.33;0/179.98,1/179.98,2/179.98,3/179.98,4/179.98,5/179.98;0/179.98,1/179.98,2/179.98,3/179.98,4/179.98,5/179.98,6/179.98,7/179.98,8/179.98,9/179.98,10/179.98,11/179.98;0/18,1/23,2/17,3/20,4/18,5/20;0/0,1/0,2/0,3/0,4/0,5/0,6/0,7/0,8/0,9/0,10/0,11/0;0/24,1/26,2/23,3/23,4/27,5/27;0/11,1/12,2/7,3/12,4/11,5/10,6/10,7/10,8/8,9/9,10/12,11/6;0/4,1/3,2/3,3/3,4/3,5/4;0/4,1/3,2/3,3/3,4/3,5/4,6/3,7/3,8/3,9/3,10/4,11/4;0/3,1/3,2/3,3/3,4/2,5/3;0/0,1/0,2/0,3/0,4/0,5/0,6/0,7/0,8/0,9/0,10/0,11/0;0/10,1/12,2/14,3/10,4/8,5/10;0/13,1/11,2/13,3/14,4/11,5/14,6/6,7/10,8/15,9/15,10/15,11/13
240;27;6;6;12;0/119.06,1/91.08,2/59.18,3/94.74,4/121.38,5/93.92;0/58.57,1/76.83,2/57.28,3/44.12,4/77,5/45.36,6/125.77,7/87.87,8/35.39,9/36.59,10/38.32,11/56.02;0/240,1/240,2/240,3/240,4/240,5/240;0/240,1/240,2/240,3/240,4/240,5/240,6/240,7/240,8/240,9/240,10/240,11/240;0/15,1/20,2/20,3/22,4/20,5/20;0/0,1/0,2/0,3/0,4/0,5/0,6/0,7/0,8/0,9/0,10/1,11/3;0/22,1/25,2/23,3/24,4/25,5/26;0/8,1/10,2/9,3/9,4/7,5/7,6/11,7/12,8/10,9/9,10/10,11/8;0/4,1/3,2/3,3/3,4/3,5/4;0/4,1/3,2/3,3/3,4/3,5/4,6/3,7/3,8/3,9/3,10/4,11/4;0/5,1/4,2/5,3/5,4/4,5/4;0/0,1/0,2/0,3/0,4/1,5/1,6/0,7/0,8/1,9/1,10/1,11/1;0/13,1/15,2/19,3/15,4/12,5/15;0/19,1/17,2/19,3/20,4/17,5/20,6/12,7/16,8/21,9/21,10/21,11/19
299.98;35;9;6;12;0/140.81,1/136.19,2/100.69,3/130.71,4/130.86,5/107.46;0/59.15,1/78.01,2/57.82,3/48.72,4/78.05,5/46.06,6/127.03,7/88.57,8/36.04,9/37.83,10/39.03,11/56.78;0/299.98,1/299.98,2/299.98,3/299.98,4/299.98,5/299.98;0/299.98,1/299.98,2/299.98,3/299.98,4/299.98,5/299.98,6/299.98,7/299.98,8/299.98,9/299.98,10/299.98,11/299.98;0/16,1/20,2/18,3/20,4/19,5/20;0/0,1/0,2/0,3/0,4/0,5/0,6/0,7/0,8/0,9/0,10/0,11/0;0/22,1/25,2/23,3/24,4/23,5/25;0/9,1/10,2/7,3/10,4/8,5/12,6/12,7/10,8/7,9/12,10/9,11/9;0/4,1/3,2/3,3/3,4/3,5/4;0/4,1/3,2/3,3/3,4/3,5/4,6/3,7/3,8/3,9/3,10/4,11/4;0/6,1/5,2/6,3/6,4/5,5/7;0/0,1/0,2/1,3/1,4/1,5/1,6/0,7/1,8/1,9/1,10/1,11/1;0/16,1/17,2/21,3/17,4/17,5/20;0/25,1/23,2/25,3/26,4/23,5/26,6/18,7/22,8/27,9/27,10/27,11/25
359.97;47;14;6;12;0/158.7,1/153.17,2/111.03,3/150.81,4/151.11,5/130.97;0/59.75,1/78.79,2/58.67,3/49.32,4/78.96,5/46.78,6/127.49,7/89.05,8/36.81,9/38.39,10/39.54,11/66.63;0/359.97,1/359.97,2/359.97,3/359.97,4/359.97,5/359.97;0/359.97,1/359.97,2/359.97,3/359.97,4/359.97,5/359.97,6/359.97,7/359.97,8/359.97,9/359.97,10/359.97,11/359.97;0/14,1/19,2/19,3/18,4/17,5/18;0/0,1/0,2/0,3/0,4/0,5/0,6/0,7/0,8/0,9/0,10/0,11/0;0/19,1/24,2/22,3/22,4/21,5/24;0/9,1/8,2/12,3/11,4/10,5/11,6/8,7/7,8/7,9/8,10/12,11/8;0/4,1/3,2/3,3/3,4/3,5/4;0/4,1/3,2/3,3/3,4/3,5/4,6/3,7/3,8/3,9/3,10/4,11/4;0/9,1/7,2/8,3/8,4/7,5/8;0/1,1/1,2/1,3/1,4/2,5/1,6/1,7/1,8/1,9/1,10/1,11/2;0/21,1/21,2/25,3/21,4/21,5/23;0/31,1/29,2/31,3/32,4/29,5/32,6/24,7/28,8/33,9/33,10/33,11/30
419.97;56;18;6;12;0/181.28,1/181.67,2/140.83,3/180.99,4/191.36,5/147.61;0/60.5,1/79.43,2/59.21,3/49.76,4/79.46,5/47.47,6/128.06,7/89.82,8/38.18,9/38.95,10/40.02,11/67.36;0/419.97,1/419.97,2/419.97,3/419.97,4/419.97,5/419.97;0/419.97,1/419.97,2/419.97,3/419.97,4/419.97,5/419.97,6/419.97,7/419.97,8/419.97,9/419.97,10/419.97,11/419.97;0/17,1/21,2/20,3/19,4/17,5/21;0/0,1/0,2/0,3/0,4/0,5/0,6/0,7/0,8/0,9/6,10/0,11/0;0/23,1/25,2/24,3/24,4/21,5/26;0/12,1/9,2/15,3/11,4/10,5/8,6/7,7/9,8/6,9/8,10/8,11/6;0/4,1/3,2/3,3/3,4/3,5/4;0/4,1/3,2/3,3/3,4/3,5/4,6/3,7/3,8/3,9/3,10/4,11/4;0/10,1/8,2/9,3/10,4/8,5/11;0/1,1/1,2/1,3/2,4/2,5/1,6/1,7/1,8/2,9/2,10/2,11/2;0/24,1/24,2/28,3/25,4/23,5/28;0/37,1/35,2/37,3/38,4/35,5/38,6/30,7/34,8/39,9/39,10/39,11/36
479.9;67;24;6;12;0/201.76,1/201.74,2/160.98,3/201.16,4/219.4,5/190.19;0/61.26,1/80.06,2/59.59,3/50.2,4/79.97,5/48.66,6/136.98,7/90.39,8/43.33,9/72.64,10/40.62,11/68.13;0/479.9,1/479.9,2/479.9,3/479.9,4/479.9,5/479.9;0/479.9,1/479.9,2/479.9,3/479.9,4/479.9,5/479.9,6/479.9,7/479.9,8/479.9,9/479.9,10/479.9,11/479.9;0/17,1/21,2/21,3/19,4/19,5/18;0/0,1/0,2/0,3/0,4/2,5/0,6/0,7/0,8/0,9/0,10/0,11/0;0/21,1/25,2/25,3/23,4/21,5/25;0/13,1/16,2/13,3/10,4/8,5/7,6/10,7/12,8/11,9/12,10/10,11/7;0/4,1/3,2/3,3/3,4/3,5/4;0/4,1/3,2/3,3/3,4/3,5/4,6/3,7/3,8/3,9/3,10/4,11/4;0/13,1/10,2/11,3/11,4/10,5/12;0/2,1/2,2/2,3/2,4/3,5/2,6/2,7/1,8/2,9/2,10/2,11/2;0/29,1/28,2/32,3/28,4/27,5/30;0/43,1/41,2/43,3/44,4/41,5/44,6/35,7/40,8/44,9/41,10/45,11/42
539.97;75;29;6;12;0/220.4,1/261.8,2/204.23,3/221.44,4/261.48,5/203.6;0/61.65,1/80.97,2/60,3/51.07,4/80.91,5/49.26,6/137.52,7/91.04,8/71.07,9/76.36,10/40.98,11/69.14;0/539.97,1/539.97,2/539.97,3/539.97,4/539.97,5/539.97;0/539.97,1/539.97,2/539.97,3/539.97,4/539.97,5/539.97,6/539.97,7/539.97,8/539.97,9/539.97,10/539.97,11/539.97;0/17,1/19,2/20,3/19,4/18,5/18;0/0,1/0,2/0,3/0,4/2,5/1,6/0,7/10,8/0,9/0,10/0,11/0;0/20,1/25,2/24,3/22,4/21,5/23;0/9,1/13,2/15,3/12,4/9,5/9,6/9,7/16,8/11,9/13,10/7,11/8;0/4,1/3,2/3,3/3,4/3,5/4;0/4,1/3,2/3,3/3,4/3,5/4,6/3,7/3,8/3,9/3,10/4,11/4;0/15,1/10,2/12,3/13,4/11,5/14;0/2,1/2,2/2,3/2,4/3,5/2,6/3,7/2,8/3,9/3,10/2,11/3;0/33,1/28,2/34,3/32,4/28,5/34;0/49,1/47,2/49,3/50,4/47,5/50,6/41,7/46,8/48,9/47,10/51,11/48
599.98;83;33;6;12;0/259.88,1/279.08,2/241.57,3/281.45,4/301.3,5/222.03;0/62.13,1/81.52,2/60.36,3/51.8,4/109.84,5/52.73,6/138.11,7/91.93,8/71.84,9/77.01,10/42,11/70.14;0/599.98,1/599.98,2/599.98,3/599.98,4/599.98,5/599.98;0/599.98,1/599.98,2/599.98,3/599.98,4/599.98,5/599.98,6/599.98,7/599.98,8/599.98,9/599.98,10/599.98,11/599.98;0/16,1/19,2/19,3/19,4/18,5/18;0/0,1/0,2/0,3/0,4/0,5/4,6/0,7/0,8/0,9/0,10/0,11/0;0/19,1/22,2/23,3/23,4/20,5/23;0/9,1/10,2/13,3/10,4/9,5/9,6/11,7/13,8/15,9/12,10/15,11/10;0/4,1/3,2/3,3/3,4/3,5/4;0/4,1/3,2/3,3/3,4/3,5/4,6/3,7/3,8/3,9/3,10/4,11/4;0/16,1/13,2/13,3/13,4/12,5/16;0/2,1/3,2/2,3/2,4/4,5/3,6/3,7/2,8/3,9/3,10/3,11/3;0/35,1/33,2/36,3/32,4/30,5/38;0/55,1/53,2/55,3/56,4/50,5/56,6/47,7/52,8/54,9/53,10/57,11/54
659.98;91;39;6;12;0/293.56,1/322.41,2/281.6,3/302.48,4/353.48,5/266.62;0/62.81,1/82.02,2/61.25,3/59.94,4/110.34,5/53.44,6/138.96,7/115.17,8/72.3,9/77.39,10/43.05,11/70.46;0/659.98,1/659.98,2/659.98,3/659.98,4/659.98,5/659.98;0/659.98,1/659.98,2/659.98,3/659.98,4/659.98,5/659.98,6/659.98,7/659.98,8/659.98,9/659.98,10/659.98,11/659.98;0/17,1/15,2/17,3/20,4/18,5/15;0/0,1/2,2/0,3/0,4/0,5/0,6/0,7/0,8/0,9/0,10/0,11/0;0/19,1/21,2/21,3/21,4/20,5/22;0/11,1/8,2/21,3/8,4/10,5/13,6/11,7/16,8/11,9/9,10/14,11/6;0/4,1/3,2/3,3/3,4/3,5/4;0/4,1/3,2/3,3/3,4/3,5/4,6/3,7/3,8/3,9/3,10/4,11/4;0/18,1/13,2/14,3/16,4/13,5/17;0/3,1/3,2/2,3/3,4/4,5/3,6/3,7/3,8/4,9/4,10/3,11/4;0/37,1/34,2/38,3/36,4/31,5/40;0/61,1/59,2/61,3/61,4/56,5/62,6/53,7/55,8/60,9/59,10/63,11/60
719.96;100;45;6;12;0/332.75,1/352.89,2/311.7,3/361.51,4/401.38,5/284.34;0/63.28,1/82.53,2/61.67,3/60.63,4/110.88,5/54.33,6/139.46,7/115.79,8/72.71,9/78.22,10/43.94,11/70.95;0/719.96,1/719.96,2/719.96,3/719.96,4/719.96,5/719.96;0/719.96,1/719.96,2/719.96,3/719.96,4/719.96,5/719.96,6/719.96,7/719.96,8/719.96,9/719.96,10/719.96,11/719.96;0/15,1/13,2/18,3/18,4/15,5/16;0/0,1/0,2/0,3/0,4/1,5/4,6/0,7/0,8/0,9/0,10/2,11/0;0/18,1/18,2/19,3/21,4/19,5/20;0/12,1/9,2/17,3/10,4/10,5/18,6/10,7/12,8/11,9/14,10/13,11/6;0/4,1/3,2/3,3/3,4/3,5/4;0/4,1/3,2/3,3/3,4/3,5/4,6/3,7/3,8/3,9/3,10/4,11/4;0/20,1/15,2/16,3/16,4/14,5/19;0/4,1/3,2/3,3/3,4/5,5/3,6/4,7/3,8/4,9/4,10/4,11/5;0/39,1/37,2/41,3/36,4/32,5/44;0/66,1/65,2/67,3/67,4/62,5/68,6/59,7/61,8/66,9/65,10/69,11/66
779.97;111;49;6;12;0/374.65,1/382.8,2/361.74,3/391.62,4/429.6,5/312.81;0/64.15,1/83.02,2/62.07,3/61.31,4/111.47,5/54.6,6/140.16,7/116.25,8/73.44,9/78.67,10/44.74,11/71.76;0/779.97,1/779.97,2/779.97,3/779.97,4/779.97,5/779.97;0/779.97,1/779.97,2/779.97,3/779.97,4/779.97,5/779.97,6/779.97,7/779.97,8/779.97,9/779.97,10/779.97,11/779.97;0/16,1/12,2/16,3/16,4/14,5/15;0/0,1/0,2/2,3/0,4/0,5/0,6/3,7/0,8/0,9/0,10/0,11/0;0/18,1/15,2/18,3/18,4/15,5/18;0/12,1/8,2/14,3/8,4/11,5/12,6/10,7/11,8/10,9/8,10/12,11/11;0/4,1/3,2/3,3/3,4/3,5/4;0/4,1/3,2/3,3/3,4/3,5/4,6/3,7/3,8/3,9/3,10/4,11/4;0/22,1/16,2/17,3/19,4/17,5/20;0/4,1/4,2/3,3/3,4/5,5/4,6/4,7/4,8/4,9/5,10/4,11/5;0/41,1/40,2/42,3/39,4/36,5/47;0/72,1/71,2/73,3/73,4/68,5/74,6/65,7/67,8/72,9/71,10/75,11/72
839.95;119;54;6;12;0/412.82,1/432.44,2/401.79,3/451.59,4/471.57,5/352.85;0/64.57,1/83.92,2/62.88,3/61.8,4/112.06,5/55,6/140.76,7/116.83,8/73.88,9/79.49,10/45.16,11/72.45;0/839.95,1/839.95,2/839.95,3/839.95,4/839.95,5/839.95;0/839.95,1/839.95,2/839.95,3/839.95,4/839.95,5/839.95,6/839.95,7/839.95,8/839.95,9/839.95,10/839.95,11/839.95;0/16,1/11,2/14,3/14,4/12,5/16;0/0,1/0,2/0,3/2,4/3,5/5,6/0,7/0,8/0,9/0,10/0,11/0;0/20,1/13,2/16,3/18,4/14,5/19;0/8,1/10,2/10,3/9,4/14,5/15,6/13,7/9,8/8,9/12,10/11,11/7;0/4,1/3,2/3,3/3,4/3,5/4;0/4,1/3,2/3,3/3,4/3,5/4,6/3,7/3,8/3,9/3,10/4,11/4;0/24,1/17,2/19,3/19,4/18,5/22;0/5,1/4,2/3,3/4,4/6,5/5,6/4,7/4,8/4,9/5,10/4,11/6;0/43,1/42,2/44,3/39,4/37,5/49;0/78,1/77,2/79,3/79,4/74,5/80,6/71,7/73,8/78,9/77,10/80,11/78
899.68;132;58;6;12;0/440.37,1/462.75,2/453.53,3/471.5,4/520.94,5/392.71;0/65,1/84.5,2/63.47,3/62.51,4/112.85,5/55.75,6/141.18,7/117.55,8/74.86,9/80.04,10/45.61,11/73.22;0/899.68,1/899.68,2/899.68,3/899.68,4/899.68,5/899.68;0/899.68,1/899.68,2/899.68,3/899.68,4/899.68,5/899.68,6/899.68,7/899.68,8/899.68,9/899.68,10/899.68,11/899.68;0/14,1/9,2/13,3/13,4/11,5/14;0/0,1/0,2/0,3/5,4/0,5/1,6/0,7/0,8/2,9/0,10/0,11/0;0/17,1/11,2/15,3/14,4/12,5/19;0/8,1/12,2/6,3/12,4/12,5/11,6/9,7/7,8/7,9/10,10/10,11/9;0/4,1/3,2/3,3/3,4/3,5/4;0/4,1/3,2/3,3/3,4/3,5/4,6/3,7/3,8/3,9/3,10/4,11/4;0/27,1/19,2/20,3/22,4/20,5/24;0/5,1/5,2/3,3/4,4/6,5/5,6/5,7/4,8/5,9/5,10/5,11/6;0/47,1/44,2/45,3/43,4/39,5/51;0/84,1/83,2/85,3/85,4/80,5/86,6/77,7/79,8/84,9/83,10/86,11/84
960;141;64;6;12;0/478.72,1/513.12,2/496.36,3/526.57,4/561.93,5/413.17;0/65.79,1/85.09,2/64.38,3/63.16,4/113.79,5/66.55,6/141.76,7/118.05,8/75.82,9/80.55,10/46.21,11/73.71;0/960,1/960,2/960,3/960,4/960,5/960;0/960,1/960,2/960,3/960,4/960,5/960,6/960,7/960,8/960,9/960,10/960,11/960;0/14,1/8,2/12,3/11,4/8,5/13;0/0,1/0,2/0,3/0,4/0,5/0,6/0,7/0,8/0,9/5,10/0,11/0;0/17,1/10,2/13,3/13,4/11,5/16;0/7,1/12,2/11,3/9,4/9,5/11,6/9,7/9,8/6,9/10,10/10,11/12;0/4,1/3,2/3,3/3,4/3,5/4;0/4,1/3,2/3,3/3,4/3,5/4,6/3,7/3,8/3,9/3,10/4,11/4;0/29,1/20,2/22,3/23,4/21,5/26;0/6,1/5,2/4,3/5,4/6,5/5,6/5,7/5,8/6,9/6,10/5,11/6;0/49,1/45,2/47,3/44,4/40,5/55;0/90,1/89,2/91,3/91,4/86,5/90,6/83,7/85,8/90,9/89,10/92,11/90
1019.81;152;71;6;12;0/503.53,1/553.02,2/541.78,3/561.76,4/611.79,5/443.33;0/67,1/85.99,2/65.13,3/63.67,4/114.51,5/69.19,6/142.09,7/118.78,8/76.67,9/81.39,10/46.57,11/74.11;0/1019.81,1/1019.81,2/1019.81,3/1019.81,4/1019.81,5/1019.81;0/1019.81,1/1019.81,2/1019.81,3/1019.81,4/1019.81,5/1019.81,6/1019.81,7/1019.81,8/1019.81,9/1019.81,10/1019.81,11/1019.81;0/18,1/6,2/10,3/9,4/11,5/18;0/0,1/0,2/0,3/0,4/0,5/0,6/0,7/0,8/2,9/3,10/0,11/1;0/20,1/8,2/12,3/11,4/13,5/20;0/10,1/11,2/13,3/16,4/8,5/6,6/5,7/9,8/10,9/13,10/6,11/12;0/4,1/3,2/3,3/3,4/3,5/4;0/4,1/3,2/3,3/3,4/3,5/4,6/3,7/3,8/3,9/3,10/4,11/4;0/31,1/22,2/23,3/25,4/22,5/29;0/7,1/5,2/4,3/5,4/7,5/6,6/6,7/6,8/6,9/6,10/6,11/7;0/52,1/47,2/48,3/46,4/41,5/58;0/96,1/95,2/97,3/97,4/92,5/96,6/89,7/91,8/96,9/95,10/98,11/96
1079.99;162;73;6;12;0/553.78,1/596.74,2/582.02,3/611.95,4/652,5/488.4;0/67.51,1/86.3,2/65.49,3/64.06,4/115.05,5/69.71,6/143.01,7/119.42,8/77.15,9/85.27,10/47.37,11/74.51;0/1079.99,1/1079.99,2/1079.99,3/1079.99,4/1079.99,5/1079.99;0/1079.99,1/1079.99,2/1079.99,3/1079.99,4/1079.99,5/1079.99,6/1079.99,7/1079.99,8/1079.99,9/1079.99,10/1079.99,11/1079.99;0/16,1/5,2/8,3/8,4/9,5/15;0/0,1/0,2/0,3/0,4/3,5/0,6/1,7/0,8/0,9/0,10/0,11/0;0/21,1/7,2/10,3/10,4/12,5/19;0/11,1/6,2/10,3/12,4/8,5/12,6/7,7/12,8/7,9/11,10/13,11/11;0/4,1/3,2/3,3/3,4/3,5/4;0/4,1/3,2/3,3/3,4/3,5/4,6/3,7/3,8/3,9/3,10/4,11/4;0/32,1/24,2/25,3/26,4/24,5/31;0/7,1/5,2/5,3/5,4/7,5/6,6/6,7/6,8/6,9/7,10/6,11/7;0/53,1/49,2/50,3/47,4/43,5/60;0/102,1/101,2/103,3/103,4/98,5/102,6/95,7/97,8/102,9/101,10/104,11/102
1139.98;173;79;6;12;0/582.14,1/643.35,2/632.04,3/652.02,4/687.99,5/505.56;0/67.95,1/86.91,2/66.15,3/64.61,4/115.63,5/70.28,6/143.71,7/119.79,8/77.72,9/85.9,10/47.84,11/75.05;0/1139.98,1/1139.98,2/1139.98,3/1139.98,4/1139.98,5/1139.98;0/1139.98,1/1139.98,2/1139.98,3/1139.98,4/1139.98,5/1139.98,6/1139.98,7/1139.98,8/1139.98,9/1139.98,10/1139.98,11/1139.98;0/16,1/4,2/6,3/5,4/8,5/14;0/0,1/2,2/0,3/4,4/0,5/0,6/0,7/0,8/0,9/0,10/2,11/0;0/18,1/7,2/9,3/8,4/9,5/16;0/15,1/10,2/9,3/14,4/10,5/9,6/10,7/10,8/8,9/11,10/16,11/9;0/4,1/3,2/3,3/3,4/3,5/4;0/4,1/3,2/3,3/3,4/3,5/4,6/3,7/3,8/3,9/3,10/4,11/4;0/35,1/25,2/26,3/28,4/26,5/33;0/8,1/6,2/5,3/6,4/7,5/6,6/6,7/6,8/7,9/8,10/6,11/8;0/57,1/50,2/51,3/49,4/46,5/64;0/108,1/107,2/108,3/109,4/104,5/108,6/101,7/103,8/108,9/107,10/110,11/108
1199.89;184;86;6;12;0/613.93,1/683.32,2/672.08,3/701.2,4/732.22,5/553.7;0/68.53,1/87.54,2/66.69,3/64.98,4/126.71,5/70.75,6/144.12,7/120.46,8/78.26,9/86.49,10/48.32,11/75.82;0/1199.89,1/1199.89,2/1199.89,3/1199.89,4/1199.89,5/1199.89;0/1199.89,1/1199.89,2/1199.89,3/1199.89,4/1199.89,5/1199.89,6/1199.89,7/1199.89,8/1199.89,9/1199.89,10/1199.89,11/1199.89;0/15,1/4,2/5,3/4,4/5,5/13;0/0,1/0,2/0,3/0,4/0,5/0,6/0,7/0,8/5,9/0,10/0,11/0;0/17,1/5,2/7,3/6,4/7,5/17;0/14,1/9,2/9,3/10,4/12,5/10,6/8,7/8,8/13,9/10,10/17,11/11;0/4,1/3,2/3,3/3,4/3,5/4;0/4,1/3,2/3,3/3,4/3,5/4,6/3,7/3,8/3,9/3,10/4,11/4;0/37,1/27,2/28,3/30,4/28,5/34;0/8,1/7,2/6,3/6,4/8,5/7,6/7,7/7,8/7,9/8,10/7,11/8;0/59,1/52,2/53,3/51,4/48,5/65;0/114,1/112,2/114,3/115,4/108,5/114,6/107,7/109,8/113,9/113,10/116,11/114
1259.95;194;89;6;12;0/651.54,1/733.38,2/722.2,3/742.05,4/779.87,5/591.25;0/68.86,1/88.23,2/67.83,3/65.88,4/127.64,5/71.17,6/144.6,7/120.95,8/79.28,9/87.27,10/48.83,11/76.77;0/1259.95,1/1259.95,2/1259.95,3/1259.95,4/1259.95,5/1259.95;0/1259.95,1/1259.95,2/1259.95,3/1259.95,4/1259.95,5/1259.95,6/1259.95,7/1259.95,8/1259.95,9/1259.95,10/1259.95,11/1259.95;0/18,1/23,2/24,3/22,4/22,5/20;0/0,1/0,2/4,3/0,4/0,5/0,6/0,7/0,8/0,9/0,10/0,11/0;0/24,1/29,2/31,3/26,4/26,5/23;0/11,1/13,2/13,3/8,4/11,5/10,6/9,7/10,8/21,9/13,10/13,11/11;0/4,1/3,2/3,3/3,4/3,5/4;0/4,1/3,2/3,3/3,4/3,5/4,6/3,7/3,8/3,9/3,10/4,11/4;0/40,1/28,2/29,3/31,4/29,5/37;0/9,1/7,2/7,3/6,4/8,5/7,6/7,7/7,8/8,9/8,10/7,11/8;0/62,1/53,2/54,3/52,4/49,5/68;0/120,1/118,2/120,3/121,4/114,5/120,6/113,7/115,8/119,9/119,10/122,11/120
1319.99;204;97;6;12;0/656.62,1/753.7,2/765.89,3/778.39,4/799.09,5/633.93;0/69.65,1/88.77,2/68.29,3/66.48,4/128.23,5/71.94,6/145.29,7/121.33,8/79.81,9/87.68,10/49.62,11/77.26;0/1319.99,1/1319.99,2/1319.99,3/1319.99,4/1319.99,5/1319.99;0/1319.99,1/1319.99,2/1319.99,3/1319.99,4/1319.99,5/1319.99,6/1319.99,7/1319.99,8/1319.99,9/1319.99,10/1319.99,11/1319.99;0/21,1/25,2/23,3/20,4/23,5/18;0/5,1/0,2/0,3/0,4/0,5/3,6/0,7/0,8/0,9/0,10/0,11/0;0/24,1/29,2/30,3/25,4/26,5/24;0/12,1/15,2/14,3/8,4/10,5/9,6/15,7/10,8/17,9/9,10/19,11/10;0/4,1/3,2/3,3/3,4/3,5/4;0/4,1/3,2/3,3/3,4/3,5/4,6/3,7/3,8/3,9/3,10/4,11/4;0/41,1/30,2/31,3/33,4/31,5/38;0/9,1/8,2/7,3/7,4/9,5/8,6/8,7/7,8/8,9/9,10/8,11/9;0/67,1/57,2/56,3/55,4/53,5/69;0/126,1/124,2/126,3/127,4/120,5/126,6/119,7/121,8/125,9/125,10/128,11/126
1379.96;212;100;6;12;0/704.63,1/787.58,2/772.43,3/802.26,4/848.67,5/671.35;0/70.77,1/89.61,2/68.72,3/67.36,4/128.72,5/72.52,6/145.84,7/121.89,8/80.17,9/88.15,10/49.97,11/77.83;0/1379.96,1/1379.96,2/1379.96,3/1379.96,4/1379.96,5/1379.96;0/1379.96,1/1379.96,2/1379.96,3/1379.96,4/1379.96,5/1379.96,6/1379.96,7/1379.96,8/1379.96,9/1379.96,10/1379.96,11/1379.96;0/19,1/23,2/23,3/21,4/20,5/19;0/1,1/0,2/0,3/0,4/2,5/0,6/0,7/1,8/0,9/0,10/0,11/0;0/23,1/28,2/27,3/25,4/26,5/22;0/12,1/22,2/13,3/10,4/8,5/10,6/13,7/11,8/11,9/9,10/20,11/12;0/4,1/3,2/3,3/3,4/3,5/4;0/4,1/3,2/3,3/3,4/3,5/4,6/3,7/3,8/3,9/3,10/4,11/4;0/42,1/32,2/32,3/34,4/32,5/40;0/10,1/8,2/7,3/7,4/9,5/8,6/8,7/8,8/9,9/9,10/8,11/9;0/68,1/60,2/61,3/58,4/54,5/72;0/132,1/130,2/132,3/133,4/126,5/132,6/125,7/127,8/131,9/130,10/134,11/131
1439.98;221;109;6;12;0/744.72,1/822.03,2/812.55,3/842.49,4/859.04,5/694.05;0/84.55,1/89.88,2/69.03,3/68.34,4/129.14,5/83.42,6/146.67,7/122.37,8/81.08,9/88.85,10/50.49,11/78.28;0/1439.98,1/1439.98,2/1439.98,3/1439.98,4/1439.98,5/1439.98;0/1439.98,1/1439.98,2/1439.98,3/1439.98,4/1439.98,5/1439.98,6/1439.98,7/1439.98,8/1439.98,9/1439.98,10/1439.98,11/1439.98;0/21,1/23,2/23,3/20,4/21,5/18;0/0,1/0,2/0,3/2,4/0,5/6,6/3,7/3,8/0,9/0,10/0,11/0;0/23,1/27,2/29,3/24,4/24,5/21;0/8,1/16,2/13,3/7,4/9,5/11,6/14,7/14,8/9,9/9,10/17,11/9;0/4,1/3,2/3,3/3,4/3,5/4;0/4,1/3,2/3,3/3,4/3,5/4,6/3,7/3,8/3,9/3,10/4,11/4;0/44,1/33,2/33,3/35,4/34,5/42;0/11,1/8,2/8,3/8,4/10,5/9,6/9,7/9,8/10,9/9,10/8,11/10;0/70,1/63,2/63,3/60,4/59,5/75;0/137,1/136,2/138,3/139,4/132,5/137,6/131,7/133,8/137,9/136,10/140,11/137
1499.98;230;113;6;12;0/784.84,1/849.82,2/847.68,3/883.82,4/903.16,5/737.37;0/85.09,1/90.54,2/69.73,3/68.88,4/129.8,5/89.07,6/147.28,7/123.16,8/81.68,9/89.46,10/50.84,11/78.83;0/1499.98,1/1499.98,2/1499.98,3/1499.98,4/1499.98,5/1499.98;0/1499.98,1/1499.98,2/1499.98,3/1499.98,4/1499.98,5/1499.98,6/1499.98,7/1499.98,8/1499.98,9/1499.98,10/1499.98,11/1499.98;0/19,1/22,2/24,3/19,4/18,5/21;0/0,1/0,2/0,3/5,4/0,5/0,6/0,7/5,8/0,9/0,10/0,11/1;0/22,1/25,2/27,3/22,4/23,5/23;0/11,1/11,2/15,3/13,4/9,5/13,6/12,7/20,8/5,9/9,10/11,11/7;0/4,1/3,2/3,3/3,4/3,5/4;0/4,1/3,2/3,3/3,4/3,5/4,6/3,7/3,8/3,9/3,10/4,11/4;0/46,1/35,2/35,3/36,4/34,5/44;0/11,1/9,2/8,3/8,4/11,5/9,6/9,7/9,8/10,9/10,10/9,11/10;0/72,1/66,2/66,3/62,4/60,5/77;0/143,1/142,2/144,3/144,4/138,5/142,6/137,7/139,8/143,9/142,10/146,11/143
1559.91;240;120;6;12;0/814.96,1/874.45,2/879.83,3/914.66,4/923.32,5/784.23;0/85.94,1/91.12,2/70.23,3/123.37,4/130.69,5/113.2,6/147.83,7/123.54,8/90.46,9/90.09,10/51.41,11/79.66;0/1559.91,1/1559.91,2/1559.91,3/1559.91,4/1559.91,5/1559.91;0/1559.91,1/1559.91,2/1559.91,3/1559.91,4/1559.91,5/1559.91,6/1559.91,7/1559.91,8/1559.91,9/1559.91,10/1559.91,11/1559.91;0/19,1/21,2/22,3/20,4/19,5/17;0/0,1/0,2/0,3/0,4/0,5/1,6/0,7/0,8/0,9/0,10/0,11/1;0/23,1/23,2/26,3/22,4/21,5/22;0/9,1/7,2/15,3/13,4/12,5/11,6/14,7/17,8/12,9/12,10/13,11/12;0/4,1/3,2/3,3/3,4/3,5/4;0/4,1/3,2/3,3/3,4/3,5/4,6/3,7/3,8/3,9/3,10/4,11/4;0/49,1/36,2/36,3/38,4/36,5/45;0/12,1/9,2/9,3/9,4/12,5/10,6/9,7/9,8/11,9/11,10/9,11/10;0/75,1/69,2/69,3/65,4/64,5/78;0/149,1/148,2/150,3/145,4/144,5/146,6/142,7/145,8/148,9/148,10/152,11/149
1619.95;250;126;6;12;0/848.43,1/924.51,2/912.76,3/962.78,4/963.45,5/818.97;0/86.58,1/92.31,2/70.74,3/124.07,4/131.06,5/113.71,6/148.22,7/124.2,8/91.09,9/90.94,10/51.75,11/80.26;0/1619.95,1/1619.95,2/1619.95,3/1619.95,4/1619.95,5/1619.95;0/1619.95,1/1619.95,2/1619.95,3/1619.95,4/1619.95,5/1619.95,6/1619.95,7/1619.95,8/1619.95,9/1619.95,10/1619.95,11/1619.95;0/18,1/20,2/23,3/22,4/19,5/18;0/1,1/0,2/0,3/0,4/0,5/0,6/0,7/0,8/0,9/0,10/1,11/0;0/21,1/23,2/27,3/24,4/23,5/21;0/6,1/10,2/16,3/11,4/8,5/7,6/12,7/15,8/12,9/13,10/8,11/12;0/4,1/3,2/3,3/3,4/3,5/4;0/4,1/3,2/3,3/3,4/3,5/4,6/3,7/3,8/3,9/3,10/4,11/4;0/51,1/37,2/37,3/39,4/38,5/48;0/12,1/10,2/9,3/9,4/12,5/11,6/10,7/10,8/11,9/11,10/10,11/11;0/78,1/70,2/71,3/66,4/66,5/81;0/155,1/154,2/156,3/151,4/150,5/152,6/148,7/151,8/154,9/154,10/158,11/155
1679.96;262;134;6;12;0/885.33,1/961.23,2/948.76,3/1002.87,4/998.89,5/844.5;0/87.36,1/93.11,2/71.26,3/124.51,4/131.6,5/114.47,6/148.82,7/124.65,8/91.83,9/91.35,10/52.55,11/80.85;0/1679.96,1/1679.96,2/1679.96,3/1679.96,4/1679.96,5/1679.96;0/1679.96,1/1679.96,2/1679.96,3/1679.96,4/1679.96,5/1679.96,6/1679.96,7/1679.96,8/1679.96,9/1679.96,10/1679.96,11/1679.96;0/18,1/21,2/23,3/21,4/18,5/18;0/2,1/0,2/0,3/0,4/0,5/1,6/1,7/5,8/0,9/0,10/0,11/1;0/20,1/22,2/26,3/25,4/20,5/20;0/10,1/10,2/17,3/16,4/9,5/8,6/10,7/15,8/12,9/9,10/8,11/11;0/4,1/3,2/3,3/3,4/3,5/4;0/4,1/3,2/3,3/3,4/3,5/4,6/3,7/3,8/3,9/3,10/4,11/4;0/53,1/40,2/39,3/41,4/39,5/50;0/14,1/10,2/10,3/9,4/13,5/12,6/10,7/11,8/11,9/12,10/10,11/12;0/80,1/73,2/74,3/68,4/69,5/84;0/161,1/160,2/162,3/157,4/156,5/158,6/154,7/157,8/160,9/160,10/164,11/161
1739.99;271;142;6;12;0/925.53,1/1014.77,2/984.04,3/1046.69,4/1033.92,5/884.65;0/88.27,1/93.86,2/71.61,3/125.03,4/132.37,5/114.93,6/149.48,7/125.12,8/92.55,9/91.86,10/53.21,11/81.42;0/1739.99,1/1739.99,2/1739.99,3/1739.99,4/1739.99,5/1739.99;0/1739.99,1/1739.99,2/1739.99,3/1739.99,4/1739.99,5/1739.99,6/1739.99,7/1739.99,8/1739.99,9/1739.99,10/1739.99,11/1739.99;0/16,1/19,2/22,3/21,4/16,5/17;0/0,1/0,2/0,3/0,4/0,5/0,6/0,7/0,8/5,9/0,10/0,11/0;0/19,1/22,2/24,3/24,4/18,5/20;0/11,1/11,2/15,3/10,4/8,5/9,6/11,7/17,8/14,9/6,10/9,11/8;0/4,1/3,2/3,3/3,4/3,5/4;0/4,1/3,2/3,3/3,4/3,5/4,6/3,7/3,8/3,9/3,10/4,11/4;0/55,1/40,2/40,3/43,4/41,5/52;0/14,1/11,2/10,3/10,4/14,5/13,6/11,7/11,8/12,9/12,10/11,11/13;0/82,1/73,2/76,3/70,4/71,5/86;0/167,1/166,2/168,3/163,4/162,5/164,6/160,7/163,8/166,9/166,10/170,11/167
1799.96;282;144;6;12;0/972.09,1/1050.87,2/1033.01,3/1073.28,4/1078.86,5/932.75;0/88.85,1/94.67,2/72.4,3/126.58,4/133.02,5/115.57,6/149.93,7/125.57,8/92.94,9/92.39,10/53.81,11/82.02;0/1799.96,1/1799.96,2/1799.96,3/1799.96,4/1799.96,5/1799.96;0/1799.96,1/1799.96,2/1799.96,3/1799.96,4/1799.96,5/1799.96,6/1799.96,7/1799.96,8/1799.96,9/1799.96,10/1799.96,11/1799.96;0/17,1/19,2/20,3/19,4/17,5/18;0/0,1/0,2/0,3/0,4/2,5/0,6/0,7/0,8/0,9/1,10/0,11/0;0/19,1/19,2/23,3/21,4/18,5/20;0/14,1/11,2/14,3/11,4/9,5/12,6/8,7/13,8/14,9/8,10/12,11/8;0/4,1/3,2/3,3/3,4/3,5/4;0/4,1/3,2/3,3/3,4/3,5/4,6/3,7/3,8/3,9/3,10/4,11/4;0/57,1/43,2/41,3/44,4/43,5/54;0/14,1/11,2/10,3/10,4/14,5/13,6/12,7/11,8/12,9/13,10/11,11/13;0/84,1/76,2/77,3/73,4/73,5/88;0/173,1/172,2/174,3/169,4/168,5/170,6/166,7/169,8/172,9/172,10/176,11/173
1859.98;290;152;6;12;0/1009.74,1/1094.86,2/1073.07,3/1123.32,4/1124.03,5/974.71;0/89.37,1/95.33,2/72.96,3/127.18,4/133.63,5/116.31,6/150.56,7/125.96,8/93.76,9/93.13,10/54.39,11/82.66;0/1859.98,1/1859.98,2/1859.98,3/1859.98,4/1859.98,5/1859.98;0/1859.98,1/1859.98,2/1859.98,3/1859.98,4/1859.98,5/1859.98,6/1859.98,7/1859.98,8/1859.98,9/1859.98,10/1859.98,11/1859.98;0/16,1/16,2/19,3/18,4/15,5/17;0/0,1/0,2/0,3/0,4/0,5/0,6/0,7/5,8/0,9/0,10/0,11/0;0/18,1/18,2/21,3/21,4/18,5/20;0/13,1/11,2/12,3/10,4/15,5/10,6/14,7/12,8/13,9/9,10/10,11/9;0/4,1/3,2/3,3/3,4/3,5/4;0/4,1/3,2/3,3/3,4/3,5/4,6/3,7/3,8/3,9/3,10/4,11/4;0/59,1/44,2/43,3/45,4/44,5/55;0/15,1/12,2/10,3/11,4/14,5/14,6/12,7/12,8/13,9/13,10/12,11/14;0/86,1/77,2/79,3/74,4/74,5/89;0/179,1/178,2/180,3/175,4/174,5/176,6/172,7/175,8/178,9/178,10/182,11/179
1919.99;301;158;6;12;0/1055.87,1/1134.92,2/1115.09,3/1163.42,4/1174.07,5/1005.03;0/89.8,1/96.32,2/73.84,3/127.83,4/141.63,5/116.74,6/150.99,7/126.69,8/94.43,9/94.28,10/54.97,11/83.37;0/1919.99,1/1919.99,2/1919.99,3/1919.99,4/1919.99,5/1919.99;0/1919.99,1/1919.99,2/1919.99,3/1919.99,4/1919.99,5/1919.99,6/1919.99,7/1919.99,8/1919.99,9/1919.99,10/1919.99,11/1919.99;0/14,1/14,2/17,3/18,4/15,5/14;0/0,1/0,2/0,3/0,4/0,5/0,6/3,7/0,8/0,9/0,10/0,11/0;0/17,1/16,2/19,3/20,4/17,5/17;0/17,1/13,2/13,3/10,4/10,5/10,6/13,7/14,8/11,9/12,10/9,11/10;0/4,1/3,2/3,3/3,4/3,5/4;0/4,1/3,2/3,3/3,4/3,5/4,6/3,7/3,8/3,9/3,10/4,11/4;0/60,1/46,2/45,3/47,4/45,5/58;0/15,1/12,2/11,3/12,4/16,5/14,6/13,7/12,8/13,9/14,10/12,11/14;0/87,1/79,2/81,3/76,4/75,5/92;0/185,1/184,2/186,3/181,4/179,5/182,6/178,7/181,8/184,9/184,10/188,11/185
1980;311;167;6;12;0/1096.2,1/1184.93,2/1163.3,3/1208.46,4/1218.88,5/1046.13;0/90.22,1/97.36,2/74.28,3/128.28,4/142.38,5/117.42,6/151.3,7/127.16,8/95.08,9/94.81,10/55.51,11/84.14;0/1980,1/1980,2/1980,3/1980,4/1980,5/1980;0/1980,1/1980,2/1980,3/1980,4/1980,5/1980,6/1980,7/1980,8/1980,9/1980,10/1980,11/1980;0/13,1/12,2/16,3/16,4/13,5/12;0/0,1/0,2/0,3/0,4/0,5/0,6/0,7/0,8/0,9/2,10/0,11/4;0/16,1/15,2/18,3/18,4/15,5/15;0/11,1/12,2/8,3/11,4/14,5/8,6/8,7/13,8/11,9/16,10/11,11/16;0/4,1/3,2/3,3/3,4/3,5/4;0/4,1/3,2/3,3/3,4/3,5/4,6/3,7/3,8/3,9/3,10/4,11/4;0/62,1/47,2/46,3/49,4/47,5/60;0/16,1/13,2/12,3/12,4/17,5/15,6/13,7/13,8/14,9/15,10/12,11/15;0/89,1/80,2/82,3/78,4/77,5/94;0/191,1/190,2/192,3/187,4/185,5/188,6/184,7/187,8/190,9/190,10/194,11/191
2039.96;320;179;6;12;0/1146.24,1/1224.95,2/1213.27,3/1243.66,4/1264.35,5/1085.09;0/90.82,1/97.95,2/74.93,3/128.83,4/142.86,5/118.5,6/151.85,7/127.96,8/95.8,9/95.23,10/56.45,11/84.7;0/2039.96,1/2039.96,2/2039.96,3/2039.96,4/2039.96,5/2039.96;0/2039.96,1/2039.96,2/2039.96,3/2039.96,4/2039.96,5/2039.96,6/2039.96,7/2039.96,8/2039.96,9/2039.96,10/2039.96,11/2039.96;0/13,1/11,2/14,3/14,4/12,5/10;0/1,1/0,2/0,3/0,4/0,5/2,6/0,7/1,8/0,9/0,10/2,11/0;0/16,1/13,2/17,3/16,4/14,5/13;0/11,1/12,2/10,3/8,4/17,5/10,6/8,7/14,8/7,9/15,10/13,11/13;0/4,1/3,2/3,3/3,4/3,5/4;0/4,1/3,2/3,3/3,4/3,5/4,6/3,7/3,8/3,9/3,10/4,11/4;0/63,1/49,2/47,3/51,4/48,5/62;0/16,1/14,2/13,3/14,4/18,5/16,6/15,7/13,8/15,9/16,10/13,11/16;0/90,1/82,2/83,3/80,4/78,5/96;0/197,1/196,2/198,3/193,4/191,5/194,6/190,7/193,8/196,9/196,10/200,11/197
2099.96;332;182;6;12;0/1176.34,1/1275.05,2/1249.32,3/1293.7,4/1306.66,5/1139.9;0/91.4,1/98.34,2/75.48,3/129.76,4/143.3,5/119.23,6/152.4,7/128.47,8/96.63,9/95.96,10/57.3,11/85.57;0/2099.96,1/2099.96,2/2099.96,3/2099.96,4/2099.96,5/2099.96;0/2099.96,1/2099.96,2/2099.96,3/2099.96,4/2099.96,5/2099.96,6/2099.96,7/2099.96,8/2099.96,9/2099.96,10/2099.96,11/2099.96;0/12,1/10,2/13,3/13,4/11,5/9;0/0,1/0,2/0,3/2,4/0,5/0,6/3,7/0,8/0,9/0,10/1,11/0;0/14,1/11,2/14,3/15,4/12,5/12;0/9,1/12,2/9,3/11,4/15,5/9,6/9,7/10,8/11,9/11,10/14,11/17;0/4,1/3,2/3,3/3,4/3,5/4;0/4,1/3,2/3,3/3,4/3,5/4,6/3,7/3,8/3,9/3,10/4,11/4;0/66,1/51,2/50,3/52,4/50,5/63;0/16,1/14,2/13,3/14,4/18,5/17,6/15,7/14,8/16,9/16,10/13,11/16;0/93,1/84,2/86,3/81,4/80,5/97;0/202,1/202,2/204,3/199,4/197,5/200,6/196,7/199,8/202,9/202,10/206,11/203
2159.98;341;193;6;12;0/1221.94,1/1315.2,2/1303.49,3/1333.79,4/1354.46,5/1165.32;0/92.03,1/99.05,2/76.15,3/130.44,4/143.67,5/119.58,6/153.31,7/129.08,8/97.38,9/96.6,10/61.88,11/85.96;0/2159.98,1/2159.98,2/2159.98,3/2159.98,4/2159.98,5/2159.98;0/2159.98,1/2159.98,2/2159.98,3/2159.98,4/2159.98,5/2159.98,6/2159.98,7/2159.98,8/2159.98,9/2159.98,10/2159.98,11/2159.98;0/11,1/8,2/11,3/11,4/8,5/8;0/1,1/0,2/2,3/0,4/0,5/0,6/2,7/0,8/0,9/0,10/0,11/0;0/13,1/10,2/14,3/13,4/11,5/11;0/5,1/12,2/11,3/9,4/13,5/6,6/12,7/10,8/9,9/11,10/10,11/12;0/4,1/3,2/3,3/3,4/3,5/4;0/4,1/3,2/3,3/3,4/3,5/4,6/3,7/3,8/3,9/3,10/4,11/4;0/68,1/52,2/50,3/54,4/51,5/66;0/17,1/15,2/14,3/15,4/19,5/18,6/16,7/15,8/16,9/17,10/14,11/17;0/95,1/85,2/86,3/83,4/81,5/100;0/208,1/208,2/210,3/205,4/203,5/206,6/202,7/205,8/208,9/208,10/211,11/209
2219.98;353;198;6;12;0/1256.48,1/1355.24,2/1336.92,3/1383.87,4/1394.51,5/1198.47;0/92.75,1/99.64,2/76.68,3/131.53,4/144.13,5/120.49,6/154.02,7/129.72,8/97.86,9/97.28,10/62.54,11/86.31;0/2219.98,1/2219.98,2/2219.98,3/2219.98,4/2219.98,5/2219.98;0/2219.98,1/2219.98,2/2219.98,3/2219.98,4/2219.98,5/2219.98,6/2219.98,7/2219.98,8/2219.98,9/2219.98,10/2219.98,11/2219.98;0/11,1/7,2/10,3/9,4/6,5/7;0/2,1/0,2/1,3/0,4/2,5/0,6/0,7/0,8/0,9/0,10/0,11/0;0/13,1/8,2/11,3/12,4/9,5/9;0/10,1/10,2/9,3/9,4/12,5/9,6/10,7/10,8/10,9/8,10/9,11/10;0/4,1/3,2/3,3/3,4/3,5/4;0/4,1/3,2/3,3/3,4/3,5/4,6/3,7/3,8/3,9/3,10/4,11/4;0/70,1/54,2/53,3/55,4/53,5/68;0/18,1/16,2/14,3/15,4/19,5/18,6/17,7/15,8/17,9/17,10/14,11/18;0/97,1/87,2/89,3/84,4/83,5/103;0/214,1/214,2/216,3/211,4/209,5/212,6/208,7/211,8/214,9/214,10/217,11/215
2279.87;362;204;6;12;0/1290.1,1/1405.17,2/1393.44,3/1417.35,4/1447.19,5/1245.33;0/93.61,1/100.63,2/77.48,3/132.64,4/144.59,5/120.81,6/154.84,7/130.39,8/98.64,9/97.8,10/63.23,11/86.74;0/2279.87,1/2279.87,2/2279.87,3/2279.87,4/2279.87,5/2279.87;0/2279.87,1/2279.87,2/2279.87,3/2279.87,4/2279.87,5/2279.87,6/2279.87,7/2279.87,8/2279.87,9/2279.87,10/2279.87,11/2279.87;0/8,1/5,2/8,3/8,4/6,5/9;0/0,1/0,2/0,3/2,4/0,5/0,6/0,7/0,8/0,9/0,10/0,11/0;0/11,1/7,2/11,3/9,4/8,5/12;0/8,1/9,2/6,3/15,4/17,5/6,6/15,7/9,8/11,9/6,10/8,11/14;0/4,1/3,2/3,3/3,4/3,5/4;0/4,1/3,2/3,3/3,4/3,5/4,6/3,7/3,8/3,9/3,10/4,11/4;0/73,1/55,2/53,3/58,4/54,5/69;0/18,1/16,2/15,3/16,4/19,5/19,6/17,7/16,8/17,9/18,10/15,11/18;0/100,1/88,2/89,3/87,4/84,5/104;0/220,1/220,2/222,3/217,4/215,5/218,6/214,7/217,8/220,9/220,10/223,11/221
2339.95;374;212;6;12;0/1326.86,1/1445.28,2/1429.78,3/1473.98,4/1484.63,5/1275.57;0/94.19,1/101.32,2/78.08,3/133.48,4/145.08,5/121.77,6/155.44,7/130.95,8/99.69,9/98.34,10/63.77,11/87.05;0/2339.95,1/2339.95,2/2339.95,3/2339.95,4/2339.95,5/2339.95;0/2339.95,1/2339.95,2/2339.95,3/2339.95,4/2339.95,5/2339.95,6/2339.95,7/2339.95,8/2339.95,9/2339.95,10/2339.95,11/2339.95;0/7,1/3,2/7,3/6,4/4,5/6;0/0,1/0,2/0,3/0,4/1,5/6,6/0,7/0,8/0,9/0,10/0,11/0;0/9,1/5,2/8,3/9,4/6,5/10;0/7,1/10,2/12,3/13,4/13,5/12,6/16,7/8,8/8,9/10,10/7,11/11;0/4,1/3,2/3,3/3,4/3,5/4;0/4,1/3,2/3,3/3,4/3,5/4,6/3,7/3,8/3,9/3,10/4,11/4;0/75,1/57,2/56,3/58,4/56,5/72;0/20,1/16,2/16,3/16,4/20,5/19,6/18,7/16,8/18,9/18,10/16,11/19;0/102,1/90,2/92,3/87,4/86,5/107;0/226,1/226,2/228,3/223,4/221,5/224,6/220,7/223,8/226,9/226,10/229,11/227
2399.9;384;218;6;12;0/1361.44,1/1495.24,2/1473.71,3/1514.02,4/1536.45,5/1298.51;0/94.83,1/101.74,2/78.71,3/134.08,4/145.82,5/122.13,6/156.47,7/131.39,8/100.27,9/98.78,10/64.46,11/87.52;0/2399.9,1/2399.9,2/2399.9,3/2399.9,4/2399.9,5/2399.9;0/2399.9,1/2399.9,2/2399.9,3/2399.9,4/2399.9,5/2399.9,6/2399.9,7/2399.9,8/2399.9,9/2399.9,10/2399.9,11/2399.9;0/6,1/1,2/5,3/6,4/3,5/6;0/5,1/2,2/0,3/0,4/0,5/0,6/0,7/0,8/0,9/0,10/0,11/0;0/7,1/4,2/7,3/7,4/5,5/8;0/20,1/9,2/14,3/12,4/8,5/9,6/11,7/9,8/8,9/10,10/8,11/9;0/4,1/3,2/3,3/3,4/3,5/4;0/4,1/3,2/3,3/3,4/3,5/4,6/3,7/3,8/3,9/3,10/4,11/4;0/78,1/58,2/57,3/60,4/57,5/74;0/20,1/17,2/16,3/17,4/21,5/19,6/19,7/16,8/18,9/19,10/16,11/20;0/105,1/91,2/93,3/89,4/87,5/111;0/232,1/232,2/234,3/229,4/227,5/230,6/226,7/229,8/232,9/232,10/235,11/233
2459.97;395;223;6;12;0/1406.36,1/1545.34,2/1513.82,3/1561.58,4/1574.84,5/1335.82;0/95.56,1/102.33,2/79.4,3/134.69,4/146.52,5/122.67,6/157.22,7/131.66,8/101.05,9/99.43,10/65.19,11/88.22;0/2459.97,1/2459.97,2/2459.97,3/2459.97,4/2459.97,5/2459.97;0/2459.97,1/2459.97,2/2459.97,3/2459.97,4/2459.97,5/2459.97,6/2459.97,7/2459.97,8/2459.97,9/2459.97,10/2459.97,11/2459.97;0/6,1/2,2/5,3/4,4/1,5/5;0/0,1/3,2/0,3/0,4/0,5/0,6/0,7/0,8/0,9/0,10/0,11/0;0/8,1/5,2/6,3/6,4/3,5/8;0/16,1/14,2/13,3/12,4/7,5/8,6/10,7/6,8/12,9/11,10/10,11/10;0/4,1/3,2/3,3/3,4/3,5/4;0/4,1/3,2/3,3/3,4/3,5/4,6/3,7/3,8/3,9/3,10/4,11/4;0/80,1/59,2/59,3/62,4/59,5/76;0/20,1/17,2/17,3/17,4/21,5/20,6/20,7/17,8/19,9/19,10/16,11/20;0/107,1/92,2/95,3/91,4/89,5/113;0/238,1/238,2/240,3/235,4/233,5/236,6/232,7/234,8/238,9/238,10/241,11/239
2519.98;403;230;6;12;0/1457.14,1/1585.46,2/1568.47,3/1604.19,4/1624.86,5/1366.08;0/95.98,1/102.82,2/79.98,3/135.24,4/147,5/123.23,6/158.13,7/132.69,8/101.5,9/99.95,10/70.28,11/88.6;0/2519.98,1/2519.98,2/2519.98,3/2519.98,4/2519.98,5/2519.98;0/2519.98,1/2519.98,2/2519.98,3/2519.98,4/2519.98,5/2519.98,6/2519.98,7/2519.98,8/2519.98,9/2519.98,10/2519.98,11/2519.98;0/5,1/1,2/3,3/2,4/0,5/4;0/0,1/0,2/0,3/0,4/0,5/0,6/0,7/0,8/0,9/0,10/0,11/0;0/9,1/3,2/5,3/5,4/2,5/6;0/11,1/11,2/10,3/11,4/11,5/10,6/9,7/15,8/8,9/14,10/10,11/8;0/4,1/3,2/3,3/3,4/3,5/4;0/4,1/3,2/3,3/3,4/3,5/4,6/3,7/3,8/3,9/3,10/4,11/4;0/80,1/61,2/60,3/63,4/60,5/79;0/22,1/18,2/17,3/18,4/21,5/20,6/20,7/17,8/19,9/20,10/17,11/21;0/107,1/94,2/96,3/92,4/90,5/116;0/244,1/244,2/246,3/241,4/239,5/242,6/238,7/240,8/244,9/244,10/247,11/245
2579.9;413;239;6;12;0/1507.12,1/1625.45,2/1603.79,3/1644.19,4/1674.8,5/1406.08;0/96.38,1/103.28,2/80.42,3/135.76,4/147.45,5/123.7,6/158.72,7/133.39,8/102.11,9/100.38,10/71.41,11/89.29;0/2579.9,1/2579.9,2/2579.9,3/2579.9,4/2579.9,5/2579.9;0/2579.9,1/2579.9,2/2579.9,3/2579.9,4/2579.9,5/2579.9,6/2579.9,7/2579.9,8/2579.9,9/2579.9,10/2579.9,11/2579.9;0/5,1/0,2/1,3/1,4/0,5/2;0/0,1/0,2/2,3/0,4/3,5/2,6/0,7/0,8/0,9/0,10/0,11/2;0/8,1/1,2/3,3/3,4/1,5/5;0/15,1/10,2/12,3/13,4/16,5/14,6/10,7/13,8/8,9/14,10/12,11/14;0/4,1/3,2/3,3/3,4/3,5/4;0/4,1/3,2/3,3/3,4/3,5/4,6/3,7/3,8/3,9/3,10/4,11/4;0/81,1/63,2/62,3/65,4/61,5/81;0/23,1/19,2/18,3/18,4/22,5/21,6/21,7/18,8/20,9/21,10/17,11/21;0/108,1/96,2/98,3/94,4/91,5/118;0/250,1/250,2/252,3/247,4/245,5/248,6/244,7/246,8/250,9/250,10/253,11/251
2639.96;424;246;6;12;0/1537.38,1/1675.57,2/1644,3/1694.29,4/1725.02,5/1436.26;0/96.74,1/103.8,2/80.77,3/136.3,4/147.71,5/124.02,6/159.33,7/134.13,8/102.73,9/102.6,10/72.05,11/89.64;0/2639.96,1/2639.96,2/2639.96,3/2639.96,4/2639.96,5/2639.96;0/2639.96,1/2639.96,2/2639.96,3/2639.96,4/2639.96,5/2639.96,6/2639.96,7/2639.96,8/2639.96,9/2639.96,10/2639.96,11/2639.96;0/3,1/0,2/0,3/0,4/0,5/1;0/1,1/0,2/0,3/0,4/0,5/0,6/0,7/0,8/0,9/1,10/0,11/0;0/5,1/0,2/1,3/2,4/0,5/3;0/13,1/16,2/11,3/16,4/10,5/9,6/15,7/15,8/15,9/11,10/8,11/8;0/4,1/0,2/4,3/3,4/0,5/4;0/4,1/4,2/3,3/4,4/4,5/4,6/4,7/3,8/3,9/4,10/4,11/4;0/84,1/64,2/64,3/66,4/62,5/84;0/23,1/20,2/18,3/18,4/23,5/21,6/22,7/19,8/20,9/22,10/18,11/22;0/111,1/97,2/100,3/95,4/92,5/121;0/256,1/256,2/258,3/253,4/251,5/254,6/250,7/252,8/256,9/256,10/259,11/257
2699.76;429;253;6;12;0/1583.84,1/1735.37,2/1696.02,3/1744.22,4/1784.82,5/1486.07;0/98.38,1/104.31,2/81.63,3/136.63,4/148.32,5/124.45,6/159.95,7/134.46,8/103.23,9/103.2,10/72.45,11/90.23;0/2699.76,1/2699.76,2/2699.76,3/2699.76,4/2699.76,5/2699.76;0/2699.76,1/2699.76,2/2699.76,3/2699.76,4/2699.76,5/2699.76,6/2699.76,7/2699.76,8/2699.76,9/2699.76,10/2699.76,11/2699.76;0/0,1/0,2/0,3/0,4/0,5/0;0/0,1/1,2/0,3/0,4/0,5/0,6/0,7/0,8/0,9/0,10/0,11/2;0/3,1/0,2/0,3/1,4/0,5/2;0/8,1/13,2/10,3/11,4/9,5/11,6/14,7/11,8/11,9/16,10/10,11/9;0/4,1/0,2/4,3/3,4/0,5/4;0/4,1/4,2/3,3/4,4/4,5/4,6/4,7/3,8/3,9/4,10/4,11/4;0/86,1/64,2/65,3/67,4/62,5/85;0/24,1/21,2/19,3/20,4/23,5/22,6/22,7/19,8/21,9/22,10/18,11/22;0/113,1/97,2/101,3/96,4/92,5/122;0/262,1/262,2/264,3/259,4/257,5/260,6/256,7/258,8/262,9/262,10/265,11/263
2759.97;434;257;6;12;0/1617.59,1/1795.59,2/1754.1,3/1794.56,4/1845.04,5/1526.33;0/99.15,1/104.69,2/82.96,3/137.56,4/159.66,5/125.01,6/160.71,7/135.37,8/103.7,9/103.51,10/72.94,11/91.36;0/2759.97,1/2759.97,2/2759.97,3/2759.97,4/2759.97,5/2759.97;0/2759.97,1/2759.97,2/2759.97,3/2759.97,4/2759.97,5/2759.97,6/2759.97,7/2759.97,8/2759.97,9/2759.97,10/2759.97,11/2759.97;0/0,1/0,2/0,3/0,4/0,5/1;0/0,1/0,2/2,3/0,4/0,5/0,6/0,7/0,8/0,9/0,10/0,11/0;0/1,1/0,2/0,3/0,4/0,5/1;0/9,1/11,2/11,3/10,4/14,5/12,6/10,7/9,8/13,9/12,10/11,11/11;0/5,1/0,2/0,3/0,4/0,5/4;0/4,1/4,2/4,3/4,4/4,5/5,6/4,7/4,8/4,9/4,10/5,11/5;0/88,1/64,2/65,3/68,4/62,5/87;0/24,1/21,2/19,3/20,4/24,5/22,6/23,7/20,8/21,9/22,10/18,11/23;0/115,1/97,2/101,3/97,4/92,5/124;0/268,1/268,2/270,3/265,4/262,5/266,6/262,7/264,8/268,9/268,10/271,11/269
2819.85;434;265;6;12;0/1677.47,1/1855.46,2/1813.97,3/1854.44,4/1904.91,5/1586.21;0/100.15,1/105.31,2/83.67,3/138.9,4/160.96,5/125.59,6/161.37,7/136.07,8/104.37,9/112.72,10/73.91,11/91.97;0/2819.85,1/2819.85,2/2819.85,3/2819.85,4/2819.85,5/2819.85;0/2819.85,1/2819.85,2/2819.85,3/2819.85,4/2819.85,5/2819.85,6/2819.85,7/2819.85,8/2819.85,9/2819.85,10/2819.85,11/2819.85;0/1,1/0,2/0,3/0,4/0,5/0;0/0,1/0,2/0,3/4,4/0,5/0,6/0,7/0,8/0,9/2,10/0,11/0;0/2,1/0,2/0,3/0,4/0,5/1;0/12,1/8,2/13,3/13,4/17,5/11,6/9,7/8,8/7,9/11,10/10,11/7;0/5,1/0,2/0,3/0,4/0,5/4;0/4,1/4,2/4,3/4,4/4,5/5,6/4,7/4,8/4,9/4,10/5,11/5;0/88,1/64,2/65,3/68,4/62,5/87;0/25,1/22,2/20,3/20,4/24,5/23,6/23,7/21,8/22,9/23,10/18,11/24;0/115,1/97,2/101,3/97,4/92,5/124;0/274,1/274,2/276,3/270,4/268,5/272,6/268,7/270,8/274,9/273,10/277,11/275
2879.99;436;272;6;12;0/1727.64,1/1915.6,2/1874.11,3/1914.58,4/1965.05,5/1640.82;0/100.69,1/106.42,2/84.11,3/139.81,4/161.59,5/126.08,6/161.78,7/137.03,8/104.88,9/113.18,10/75.09,11/92.41;0/2879.99,1/2879.99,2/2879.99,3/2879.99,4/2879.99,5/2879.99;0/2879.99,1/2879.99,2/2879.99,3/2879.99,4/2879.99,5/2879.99,6/2879.99,7/2879.99,8/2879.99,9/2879.99,10/2879.99,11/2879.99;0/0,1/0,2/0,3/0,4/0,5/1;0/0,1/0,2/0,3/0,4/0,5/0,6/0,7/0,8/0,9/0,10/0,11/0;0/1,1/0,2/0,3/0,4/0,5/2;0/11,1/10,2/11,3/10,4/13,5/15,6/10,7/9,8/10,9/12,10/12,11/11;0/5,1/0,2/0,3/0,4/0,5/4;0/4,1/4,2/4,3/4,4/4,5/5,6/4,7/4,8/4,9/4,10/5,11/5;0/89,1/64,2/65,3/68,4/62,5/88;0/26,1/22,2/21,3/21,4/25,5/23,6/24,7/21,8/22,9/24,10/19,11/24;0/116,1/97,2/101,3/97,4/92,5/125;0/280,1/280,2/282,3/276,4/274,5/278,6/274,7/276,8/280,9/279,10/283,11/281
2939.92;437;278;6;12;0/1777.62,1/1975.54,2/1934.05,3/1974.51,4/2024.99,5/1696.55;0/101.17,1/107.58,2/84.83,3/140.6,4/162.56,5/126.53,6/162.78,7/137.7,8/105.73,9/113.63,10/75.58,11/93.39;0/2939.92,1/2939.92,2/2939.92,3/2939.92,4/2939.92,5/2939.92;0/2939.92,1/2939.92,2/2939.92,3/2939.92,4/2939.92,5/2939.92,6/2939.92,7/2939.92,8/2939.92,9/2939.92,10/2939.92,11/2939.92;0/0,1/0,2/0,3/0,4/0,5/0;0/3,1/0,2/1,3/0,4/0,5/0,6/0,7/0,8/0,9/0,10/0,11/0;0/0,1/0,2/0,3/0,4/0,5/2;0/12,1/10,2/10,3/8,4/14,5/12,6/12,7/9,8/10,9/12,10/11,11/14;0/5,1/0,2/0,3/0,4/0,5/4;0/4,1/4,2/4,3/4,4/4,5/5,6/4,7/4,8/4,9/4,10/5,11/5;0/90,1/64,2/65,3/68,4/62,5/88;0/26,1/23,2/22,3/22,4/25,5/24,6/24,7/21,8/23,9/24,10/19,11/25;0/117,1/97,2/101,3/97,4/92,5/125;0/286,1/286,2/288,3/282,4/280,5/283,6/280,7/282,8/286,9/285,10/289,11/287
2999.99;439;286;6;12;0/1837.69,1/2035.61,2/1994.12,3/2034.58,4/2085.06,5/1736.69;0/101.73,1/108.32,2/85.53,3/141.75,4/163.2,5/127.02,6/163.23,7/138.37,8/106.23,9/114.41,10/76.4,11/94.1;0/2999.99,1/2999.99,2/2999.99,3/2999.99,4/2999.99,5/2999.99;0/2999.99,1/2999.99,2/2999.99,3/2999.99,4/2999.99,5/2999.99,6/2999.99,7/2999.99,8/2999.99,9/2999.99,10/2999.99,11/2999.99;0/0,1/0,2/0,3/0,4/0,5/0;0/0,1/0,2/0,3/0,4/0,5/0,6/0,7/0,8/1,9/3,10/0,11/0;0/0,1/0,2/0,3/0,4/0,5/0;0/9,1/17,2/12,3/10,4/10,5/10,6/10,7/13,8/7,9/14,10/10,11/11;0/0,1/0,2/0,3/0,4/0,5/5;0/5,1/4,2/4,3/4,4/5,5/5,6/5,7/4,8/4,9/5,10/5,11/5;0/90,1/64,2/65,3/68,4/62,5/90;0/27,1/23,2/22,3/22,4/26,5/24,6/25,7/22,8/24,9/25,10/20,11/26;0/117,1/97,2/101,3/97,4/92,5/127;0/292,1/292,2/294,3/288,4/286,5/289,6/286,7/288,8/292,9/291,10/295,11/293
3059.92;439;292;6;12;0/1897.62,1/2095.54,2/2054.05,3/2094.51,4/2144.99,5/1796.62;0/103.19,1/108.92,2/86.2,3/142.71,4/164.18,5/127.42,6/164.09,7/138.87,8/109.67,9/114.75,10/77.03,11/94.64;0/3059.92,1/3059.92,2/3059.92,3/3059.92,4/3059.92,5/3059.92;0/3059.92,1/3059.92,2/3059.92,3/3059.92,4/3059.92,5/3059.92,6/3059.92,7/3059.92,8/3059.92,9/3059.92,10/3059.92,11/3059.92;0/0,1/0,2/0,3/0,4/0,5/1;0/0,1/0,2/0,3/0,4/0,5/2,6/0,7/0,8/2,9/0,10/0,11/0;0/0,1/0,2/0,3/0,4/0,5/1;0/11,1/13,2/7,3/11,4/15,5/11,6/8,7/9,8/9,9/9,10/14,11/11;0/0,1/0,2/0,3/0,4/0,5/5;0/5,1/4,2/4,3/4,4/5,5/5,6/5,7/4,8/4,9/5,10/5,11/5;0/90,1/64,2/65,3/68,4/62,5/90;0/27,1/24,2/22,3/22,4/27,5/25,6/26,7/22,8/24,9/26,10/21,11/26;0/117,1/97,2/101,3/97,4/92,5/127;0/298,1/298,2/300,3/294,4/292,5/295,6/292,7/294,8/297,9/297,10/301,11/299
3119.94;439;302;6;12;0/1957.64,1/2155.56,2/2114.07,3/2154.53,4/2205.01,5/1856.64;0/106.23,1/109.66,2/86.74,3/143.18,4/164.91,5/127.87,6/165.19,7/139.3,8/137.05,9/116.26,10/77.72,11/95.33;0/3119.94,1/3119.94,2/3119.94,3/3119.94,4/3119.94,5/3119.94;0/3119.94,1/3119.94,2/3119.94,3/3119.94,4/3119.94,5/3119.94,6/3119.94,7/3119.94,8/3119.94,9/3119.94,10/3119.94,11/3119.94;0/0,1/0,2/0,3/0,4/0,5/1;0/0,1/0,2/0,3/0,4/0,5/2,6/0,7/0,8/0,9/0,10/0,11/0;0/0,1/0,2/0,3/0,4/0,5/2;0/8,1/10,2/11,3/7,4/12,5/12,6/14,7/8,8/10,9/10,10/17,11/10;0/0,1/0,2/0,3/0,4/0,5/5;0/5,1/4,2/4,3/4,4/5,5/5,6/5,7/4,8/4,9/5,10/5,11/5;0/90,1/64,2/65,3/68,4/62,5/90;0/30,1/24,2/23,3/23,4/28,5/25,6/26,7/23,8/25,9/27,10/21,11/27;0/117,1/97,2/101,3/97,4/92,5/127;0/304,1/304,2/305,3/300,4/298,5/301,6/298,7/300,8/301,9/303,10/307,11/305
3179.99;440;307;6;12;0/2017.69,1/2215.61,2/2174.12,3/2214.58,4/2265.06,5/1906.71;0/107.24,1/110.42,2/98.06,3/143.74,4/165.6,5/128.64,6/165.56,7/140.36,8/137.63,9/117.51,10/78.54,11/95.88;0/3179.99,1/3179.99,2/3179.99,3/3179.99,4/3179.99,5/3179.99;0/3179.99,1/3179.99,2/3179.99,3/3179.99,4/3179.99,5/3179.99,6/3179.99,7/3179.99,8/3179.99,9/3179.99,10/3179.99,11/3179.99;0/0,1/0,2/0,3/0,4/0,5/0;0/0,1/2,2/0,3/0,4/1,5/0,6/1,7/0,8/0,9/0,10/0,11/0;0/0,1/0,2/0,3/0,4/0,5/1;0/14,1/13,2/12,3/16,4/10,5/10,6/12,7/9,8/11,9/8,10/17,11/12;0/0,1/0,2/0,3/0,4/0,5/5;0/5,1/4,2/4,3/4,4/5,5/5,6/5,7/4,8/4,9/5,10/5,11/5;0/90,1/64,2/65,3/68,4/62,5/91;0/30,1/25,2/24,3/23,4/28,5/25,6/27,7/24,8/25,9/27,10/22,11/27;0/117,1/97,2/101,3/97,4/92,5/128;0/310,1/310,2/310,3/306,4/304,5/307,6/304,7/306,8/307,9/309,10/313,11/311
3239.97;441;315;6;12;0/2077.68,1/2275.59,2/2234.1,3/2274.56,4/2325.04,5/1956.81;0/107.7,1/111.39,2/98.46,3/144.34,4/166.1,5/129.26,6/165.98,7/140.86,8/138.11,9/118.79,10/79.26,11/96.33;0/3239.97,1/3239.97,2/3239.97,3/3239.97,4/3239.97,5/3239.97;0/3239.97,1/3239.97,2/3239.97,3/3239.97,4/3239.97,5/3239.97,6/3239.97,7/3239.97,8/3239.97,9/3239.97,10/3239.97,11/3239.97;0/0,1/0,2/0,3/0,4/0,5/1;0/0,1/0,2/0,3/0,4/0,5/0,6/0,7/3,8/3,9/0,10/0,11/0;0/0,1/0,2/0,3/0,4/0,5/1;0/10,1/15,2/12,3/14,4/8,5/11,6/8,7/11,8/15,9/7,10/12,11/11;0/0,1/0,2/0,3/0,4/0,5/0;0/5,1/5,2/5,3/5,4/5,5/5,6/5,7/5,8/5,9/5,10/5,11/5;0/90,1/64,2/65,3/68,4/62,5/92;0/31,1/25,2/24,3/24,4/28,5/26,6/28,7/24,8/26,9/28,10/23,11/28;0/117,1/97,2/101,3/97,4/92,5/129;0/316,1/316,2/316,3/312,4/310,5/313,6/310,7/312,8/313,9/315,10/318,11/317
3299.88;441;324;6;12;0/2137.58,1/2335.5,2/2294.01,3/2334.47,4/2384.95,5/2016.72;0/108.54,1/112.14,2/99.96,3/144.87,4/166.63,5/130.92,6/166.6,7/144.27,8/138.5,9/119.61,10/80.2,11/96.91;0/3299.88,1/3299.88,2/3299.88,3/3299.88,4/3299.88,5/3299.88;0/3299.88,1/3299.88,2/3299.88,3/3299.88,4/3299.88,5/3299.88,6/3299.88,7/3299.88,8/3299.88,9/3299.88,10/3299.88,11/3299.88;0/0,1/0,2/0,3/0,4/0,5/0;0/0,1/0,2/0,3/0,4/5,5/0,6/4,7/0,8/0,9/2,10/0,11/1;0/0,1/0,2/0,3/0,4/0,5/1;0/9,1/10,2/12,3/13,4/13,5/13,6/12,7/12,8/12,9/14,10/13,11/14;0/0,1/0,2/0,3/0,4/0,5/5;0/5,1/4,2/4,3/4,4/5,5/5,6/5,7/4,8/4,9/5,10/5,11/5;0/90,1/64,2/65,3/68,4/62,5/92;0/31,1/26,2/25,3/24,4/29,5/27,6/29,7/25,8/27,9/29,10/23,11/29;0/117,1/97,2/101,3/97,4/92,5/129;0/322,1/322,2/322,3/318,4/316,5/319,6/316,7/318,8/319,9/321,10/324,11/323
3359.96;442;330;6;12;0/2197.67,1/2395.58,2/2354.09,3/2394.55,4/2445.03,5/2066.83;0/109.19,1/112.82,2/100.52,3/145.48,4/167.39,5/131.7,6/167.51,7/145.19,8/139.49,9/120.48,10/80.52,11/97.58;0/3359.96,1/3359.96,2/3359.96,3/3359.96,4/3359.96,5/3359.96;0/3359.96,1/3359.96,2/3359.96,3/3359.96,4/3359.96,5/3359.96,6/3359.96,7/3359.96,8/3359.96,9/3359.96,10/3359.96,11/3359.96;0/0,1/0,2/0,3/0,4/0,5/0;0/5,1/0,2/0,3/0,4/0,5/1,6/0,7/0,8/0,9/0,10/0,11/0;0/0,1/0,2/0,3/0,4/0,5/0;0/14,1/8,2/17,3/10,4/12,5/12,6/14,7/10,8/13,9/10,10/8,11/12;0/0,1/0,2/0,3/0,4/0,5/0;0/5,1/5,2/5,3/5,4/5,5/5,6/5,7/5,8/5,9/5,10/5,11/5;0/90,1/64,2/65,3/68,4/62,5/93;0/32,1/27,2/26,3/25,4/30,5/27,6/29,7/25,8/27,9/30,10/23,11/29;0/117,1/97,2/101,3/97,4/92,5/130;0/328,1/327,2/328,3/324,4/322,5/325,6/322,7/324,8/325,9/327,10/330,11/329
3419.98;442;337;6;12;0/2257.68,1/2455.59,2/2414.1,3/2454.57,4/2505.04,5/2126.85;0/109.46,1/113.32,2/101.11,3/146.58,4/168,5/132.11,6/168.17,7/146.06,8/140.69,9/121.68,10/81.36,11/98.11;0/3419.98,1/3419.98,2/3419.98,3/3419.98,4/3419.98,5/3419.98;0/3419.98,1/3419.98,2/3419.98,3/3419.98,4/3419.98,5/3419.98,6/3419.98,7/3419.98,8/3419.98,9/3419.98,10/3419.98,11/3419.98;0/0,1/0,2/0,3/0,4/0,5/0;0/0,1/0,2/6,3/0,4/0,5/0,6/0,7/0,8/0,9/3,10/0,11/0;0/0,1/0,2/0,3/0,4/0,5/0;0/12,1/7,2/17,3/6,4/14,5/8,6/9,7/14,8/10,9/12,10/12,11/9;0/0,1/0,2/0,3/0,4/0,5/0;0/5,1/5,2/5,3/5,4/5,5/5,6/5,7/5,8/5,9/5,10/5,11/5;0/90,1/64,2/65,3/68,4/62,5/93;0/33,1/27,2/26,3/25,4/30,5/28,6/30,7/26,8/28,9/30,10/24,11/30;0/117,1/97,2/101,3/97,4/92,5/130;0/333,1/333,2/334,3/330,4/328,5/331,6/328,7/330,8/331,9/333,10/336,11/335
3479.98;442;345;6;12;0/2317.68,1/2515.6,2/2474.11,3/2514.57,4/2565.05,5/2186.85;0/110.57,1/114.43,2/101.56,3/147.4,4/168.31,5/132.85,6/169.17,7/146.42,8/141.29,9/122.49,10/81.79,11/98.93;0/3479.98,1/3479.98,2/3479.98,3/3479.98,4/3479.98,5/3479.98;0/3479.98,1/3479.98,2/3479.98,3/3479.98,4/3479.98,5/3479.98,6/3479.98,7/3479.98,8/3479.98,9/3479.98,10/3479.98,11/3479.98;0/0,1/0,2/0,3/0,4/0,5/1;0/1,1/0,2/0,3/0,4/0,5/0,6/0,7/0,8/1,9/0,10/0,11/1;0/0,1/0,2/0,3/0,4/0,5/1;0/12,1/11,2/14,3/13,4/8,5/13,6/10,7/11,8/9,9/9,10/14,11/13;0/0,1/0,2/0,3/0,4/0,5/0;0/5,1/5,2/5,3/5,4/5,5/5,6/5,7/5,8/5,9/5,10/5,11/5;0/90,1/64,2/65,3/68,4/62,5/93;0/34,1/27,2/27,3/26,4/31,5/28,6/31,7/26,8/29,9/31,10/24,11/31;0/117,1/97,2/101,3/97,4/92,5/130;0/339,1/339,2/340,3/336,4/334,5/337,6/334,7/336,8/337,9/338,10/342,11/341
3540;442;349;6;12;0/2377.7,1/2575.61,2/2534.12,3/2574.59,4/2625.06,5/2246.87;0/111.37,1/114.95,2/102.06,3/148.04,4/169.03,5/133.46,6/170.45,7/147.17,8/141.73,9/123.91,10/82.32,11/99.57;0/3540,1/3540,2/3540,3/3540,4/3540,5/3540;0/3540,1/3540,2/3540,3/3540,4/3540,5/3540,6/3540,7/3540,8/3540,9/3540,10/3540,11/3540;0/0,1/0,2/0,3/0,4/0,5/0;0/0,1/0,2/0,3/0,4/2,5/0,6/0,7/3,8/0,9/0,10/0,11/0;0/0,1/0,2/0,3/0,4/0,5/1;0/9,1/16,2/13,3/20,4/11,5/11,6/11,7/11,8/8,9/12,10/11,11/10;0/0,1/0,2/0,3/0,4/0,5/5;0/5,1/4,2/4,3/4,4/5,5/5,6/5,7/4,8/4,9/5,10/5,11/5;0/90,1/64,2/65,3/68,4/62,5/93;0/34,1/28,2/27,3/26,4/31,5/28,6/31,7/27,8/29,9/31,10/25,11/32;0/117,1/97,2/101,3/97,4/92,5/130;0/345,1/345,2/346,3/342,4/340,5/343,6/340,7/342,8/343,9/344,10/348,11/347
3600;443;357;6;12;0/2437.7,1/2635.61,2/2594.12,3/2634.59,4/2685.06,5/2296.87;0/113.47,1/115.4,2/103,3/148.4,4/169.57,5/133.99,6/171.22,7/147.78,8/142.42,9/124.32,10/83.03,11/100.37;0/3600,1/3600,2/3600,3/3600,4/3600,5/3600;0/3600,1/3600,2/3600,3/3600,4/3600,5/3600,6/3600,7/3600,8/3600,9/3600,10/3600,11/3600;0/0,1/0,2/0,3/0,4/0,5/1;0/0,1/0,2/0,3/0,4/0,5/0,6/0,7/4,8/0,9/0,10/0,11/0;0/1,1/0,2/0,3/0,4/0,5/1;0/9,1/13,2/14,3/18,4/9,5/14,6/11,7/22,8/14,9/7,10/11,11/7;0/5,1/0,2/0,3/0,4/0,5/0;0/5,1/4,2/4,3/4,4/5,5/5,6/5,7/4,8/4,9/5,10/5,11/5;0/90,1/64,2/65,3/68,4/62,5/94;0/35,1/29,2/29,3/26,4/31,5/29,6/32,7/27,8/30,9/32,10/25,11/32;0/117,1/97,2/101,3/97,4/92,5/131;0/351,1/351,2/352,3/348,4/346,5/349,6/345,7/348,8/349,9/350,10/354,11/353
3659.89;443;364;6;12;0/2497.59,1/2695.5,2/2654.01,3/2694.48,4/2744.95,5/2356.76;0/114.1,1/115.99,2/104.2,3/149.23,4/175.64,5/134.71,6/172.46,7/148.12,8/143.1,9/125.3,10/83.78,11/101.28;0/3659.89,1/3659.89,2/3659.89,3/3659.89,4/3659.89,5/3659.89;0/3659.89,1/3659.89,2/3659.89,3/3659.89,4/3659.89,5/3659.89,6/3659.89,7/3659.89,8/3659.89,9/3659.89,10/3659.89,11/3659.89;0/1,1/0,2/0,3/0,4/0,5/0;0/0,1/0,2/0,3/0,4/0,5/0,6/7,7/0,8/3,9/0,10/0,11/0;0/2,1/0,2/0,3/0,4/0,5/1;0/6,1/13,2/10,3/14,4/6,5/13,6/18,7/17,8/12,9/10,10/8,11/13;0/5,1/0,2/0,3/0,4/0,5/4;0/4,1/4,2/4,3/4,4/4,5/5,6/4,7/4,8/4,9/4,10/5,11/5;0/90,1/64,2/65,3/68,4/62,5/94;0/35,1/29,2/29,3/27,4/32,5/30,6/32,7/28,8/31,9/32,10/26,11/33;0/117,1/97,2/101,3/97,4/92,5/131;0/357,1/357,2/358,3/354,4/351,5/355,6/351,7/354,8/355,9/356,10/360,11/359
3719.94;445;373;6;12;0/2547.78,1/2755.56,2/2714.07,3/2754.53,4/2805.01,5/2415.95;0/115.08,1/116.41,2/104.75,3/149.87,4/176.18,5/135.41,6/173.02,7/148.56,8/143.94,9/125.91,10/84.54,11/101.72;0/3719.94,1/3719.94,2/3719.94,3/3719.94,4/3719.94,5/3719.94;0/3719.94,1/3719.94,2/3719.94,3/3719.94,4/3719.94,5/3719.94,6/3719.94,7/3719.94,8/3719.94,9/3719.94,10/3719.94,11/3719.94;0/0,1/0,2/0,3/0,4/0,5/0;0/2,1/0,2/0,3/0,4/0,5/0,6/0,7/0,8/1,9/0,10/0,11/0;0/1,1/0,2/0,3/0,4/0,5/0;0/9,1/7,2/11,3/11,4/14,5/11,6/17,7/13,8/11,9/11,10/8,11/9;0/5,1/0,2/0,3/0,4/0,5/4;0/4,1/4,2/4,3/4,4/4,5/5,6/4,7/4,8/4,9/4,10/5,11/5;0/91,1/64,2/65,3/68,4/62,5/95;0/36,1/30,2/30,3/28,4/33,5/30,6/33,7/28,8/32,9/33,10/27,11/33;0/118,1/97,2/101,3/97,4/92,5/132;0/363,1/363,2/364,3/360,4/357,5/361,6/357,7/360,8/361,9/362,10/366,11/364
3779.96;446;380;6;12;0/2597.83,1/2815.58,2/2774.09,3/2814.55,4/2865.03,5/2466.84;0/115.69,1/117.02,2/105.37,3/150.35,4/177.05,5/135.84,6/173.69,7/149.01,8/144.76,9/126.57,10/86.37,11/102.29;0/3779.96,1/3779.96,2/3779.96,3/3779.96,4/3779.96,5/3779.96;0/3779.96,1/3779.96,2/3779.96,3/3779.96,4/3779.96,5/3779.96,6/3779.96,7/3779.96,8/3779.96,9/3779.96,10/3779.96,11/3779.96;0/0,1/0,2/0,3/0,4/0,5/0;0/0,1/0,2/0,3/0,4/0,5/0,6/0,7/0,8/0,9/0,10/2,11/0;0/0,1/0,2/0,3/0,4/0,5/0;0/7,1/10,2/10,3/6,4/8,5/8,6/14,7/12,8/15,9/10,10/8,11/12;0/5,1/0,2/0,3/0,4/0,5/0;0/5,1/4,2/4,3/4,4/5,5/5,6/5,7/4,8/4,9/5,10/5,11/5;0/92,1/64,2/65,3/68,4/62,5/95;0/37,1/30,2/31,3/28,4/34,5/30,6/33,7/29,8/32,9/34,10/28,11/34;0/119,1/97,2/101,3/97,4/92,5/132;0/369,1/369,2/370,3/366,4/363,5/367,6/363,7/366,8/367,9/368,10/372,11/370
3839.98;446;389;6;12;0/2657.84,1/2875.59,2/2834.1,3/2874.57,4/2925.04,5/2526.86;0/116.55,1/117.87,2/106.14,3/151.22,4/177.58,5/136.7,6/174.47,7/149.88,8/145.55,9/127.17,10/87.83,11/103.02;0/3839.98,1/3839.98,2/3839.98,3/3839.98,4/3839.98,5/3839.98;0/3839.98,1/3839.98,2/3839.98,3/3839.98,4/3839.98,5/3839.98,6/3839.98,7/3839.98,8/3839.98,9/3839.98,10/3839.98,11/3839.98;0/0,1/0,2/0,3/0,4/0,5/1;0/0,1/0,2/1,3/2,4/6,5/2,6/0,7/0,8/0,9/0,10/0,11/0;0/0,1/0,2/0,3/0,4/0,5/1;0/13,1/8,2/11,3/12,4/11,5/11,6/8,7/10,8/9,9/8,10/7,11/13;0/0,1/0,2/0,3/0,4/0,5/5;0/5,1/4,2/4,3/4,4/5,5/5,6/5,7/4,8/4,9/5,10/5,11/5;0/92,1/64,2/65,3/68,4/62,5/95;0/38,1/31,2/31,3/28,4/35,5/31,6/34,7/30,8/32,9/35,10/29,11/35;0/119,1/97,2/101,3/97,4/92,5/132;0/375,1/375,2/376,3/372,4/369,5/373,6/369,7/372,8/373,9/374,10/378,11/376
3899.98;447;398;6;12;0/2717.85,1/2935.6,2/2894.11,3/2934.57,4/2985.05,5/2576.91;0/117.09,1/118.48,2/106.67,3/151.84,4/178.3,5/137.22,6/175.34,7/150.74,8/146.16,9/127.59,10/88.97,11/104.05;0/3899.98,1/3899.98,2/3899.98,3/3899.98,4/3899.98,5/3899.98;0/3899.98,1/3899.98,2/3899.98,3/3899.98,4/3899.98,5/3899.98,6/3899.98,7/3899.98,8/3899.98,9/3899.98,10/3899.98,11/3899.98;0/0,1/0,2/0,3/0,4/0,5/0;0/0,1/0,2/3,3/0,4/0,5/0,6/0,7/2,8/0,9/0,10/0,11/2;0/0,1/0,2/0,3/0,4/0,5/1;0/11,1/12,2/14,3/15,4/14,5/13,6/9,7/9,8/7,9/10,10/8,11/14;0/0,1/0,2/0,3/0,4/0,5/5;0/5,1/4,2/4,3/4,4/5,5/5,6/5,7/4,8/4,9/5,10/5,11/5;0/92,1/64,2/65,3/68,4/62,5/96;0/39,1/32,2/32,3/29,4/35,5/32,6/35,7/31,8/33,9/35,10/30,11/35;0/119,1/97,2/101,3/97,4/92,5/133;0/381,1/381,2/382,3/378,4/375,5/379,6/375,7/378,8/378,9/380,10/384,11/382
3959.99;448;405;6;12;0/2777.86,1/2995.61,2/2954.12,3/2994.58,4/3045.06,5/2626.95;0/117.72,1/119.26,2/107.05,3/152.34,4/179.3,5/137.89,6/176.04,7/151.52,8/146.8,9/128.25,10/89.84,11/105.23;0/3959.99,1/3959.99,2/3959.99,3/3959.99,4/3959.99,5/3959.99;0/3959.99,1/3959.99,2/3959.99,3/3959.99,4/3959.99,5/3959.99,6/3959.99,7/3959.99,8/3959.99,9/3959.99,10/3959.99,11/3959.99;0/0,1/0,2/0,3/0,4/0,5/0;0/1,1/0,2/0,3/0,4/0,5/0,6/0,7/0,8/1,9/0,10/0,11/0;0/0,1/0,2/0,3/0,4/0,5/0;0/10,1/10,2/10,3/14,4/16,5/12,6/15,7/15,8/9,9/7,10/15,11/10;0/0,1/0,2/0,3/0,4/0,5/5;0/5,1/4,2/4,3/4,4/5,5/5,6/5,7/4,8/4,9/5,10/5,11/5;0/92,1/64,2/65,3/68,4/62,5/97;0/39,1/33,2/32,3/29,4/36,5/32,6/35,7/33,8/34,9/36,10/31,11/35;0/119,1/97,2/101,3/97,4/92,5/134;0/387,1/387,2/388,3/384,4/381,5/385,6/381,7/384,8/384,9/386,10/390,11/388
4019.96;448;413;6;12;0/2837.83,1/3055.58,2/3014.09,3/3054.55,4/3105.03,5/2686.92;0/118.25,1/120,2/107.84,3/152.76,4/180.13,5/138.52,6/176.59,7/152.19,8/147.33,9/128.89,10/90.11,11/106.39;0/4019.96,1/4019.96,2/4019.96,3/4019.96,4/4019.96,5/4019.96;0/4019.96,1/4019.96,2/4019.96,3/4019.96,4/4019.96,5/4019.96,6/4019.96,7/4019.96,8/4019.96,9/4019.96,10/4019.96,11/4019.96;0/0,1/0,2/0,3/0,4/0,5/0;0/0,1/0,2/0,3/0,4/0,5/0,6/0,7/0,8/0,9/0,10/0,11/0;0/0,1/0,2/0,3/0,4/0,5/0;0/10,1/16,2/12,3/11,4/11,5/9,6/11,7/19,8/11,9/16,10/9,11/11;0/0,1/0,2/0,3/0,4/0,5/0;0/5,1/5,2/5,3/5,4/5,5/5,6/5,7/5,8/5,9/5,10/5,11/5;0/92,1/64,2/65,3/68,4/62,5/97;0/39,1/33,2/33,3/30,4/37,5/33,6/36,7/34,8/35,9/36,10/32,11/35;0/119,1/97,2/101,3/97,4/92,5/134;0/393,1/393,2/394,3/390,4/387,5/391,6/387,7/390,8/390,9/392,10/396,11/394
4079.88;448;419;6;12;0/2897.74,1/3115.49,2/3074.01,3/3114.47,4/3164.94,5/2746.84;0/118.95,1/120.87,2/108.34,3/153.98,4/180.84,5/139.42,6/177.43,7/152.67,8/147.77,9/129.26,10/90.68,11/107.4;0/4079.88,1/4079.88,2/4079.88,3/4079.88,4/4079.88,5/4079.88;0/4079.88,1/4079.88,2/4079.88,3/4079.88,4/4079.88,5/4079.88,6/4079.88,7/4079.88,8/4079.88,9/4079.88,10/4079.88,11/4079.88;0/0,1/0,2/0,3/0,4/0,5/0;0/0,1/0,2/0,3/0,4/0,5/1,6/0,7/0,8/0,9/0,10/0,11/0;0/0,1/0,2/0,3/0,4/0,5/0;0/8,1/14,2/7,3/15,4/12,5/11,6/15,7/19,8/10,9/11,10/13,11/7;0/0,1/0,2/0,3/0,4/0,5/0;0/5,1/5,2/5,3/5,4/5,5/5,6/5,7/5,8/5,9/5,10/5,11/5;0/92,1/64,2/65,3/68,4/62,5/97;0/41,1/33,2/34,3/30,4/37,5/34,6/36,7/34,8/35,9/36,10/32,11/37;0/119,1/97,2/101,3/97,4/92,5/134;0/399,1/399,2/400,3/396,4/393,5/397,6/393,7/396,8/396,9/398,10/402,11/400
4139.96;448;429;6;12;0/2957.83,1/3175.58,2/3134.09,3/3174.55,4/3225.03,5/2806.92;0/123.8,1/121.56,2/109.32,3/154.48,4/182.12,5/140.12,6/178.12,7/153.02,8/148.32,9/129.66,10/91.22,11/108.72;0/4139.96,1/4139.96,2/4139.96,3/4139.96,4/4139.96,5/4139.96;0/4139.96,1/4139.96,2/4139.96,3/4139.96,4/4139.96,5/4139.96,6/4139.96,7/4139.96,8/4139.96,9/4139.96,10/4139.96,11/4139.96;0/0,1/0,2/0,3/0,4/0,5/0;0/0,1/0,2/0,3/0,4/0,5/0,6/0,7/0,8/0,9/2,10/3,11/0;0/0,1/0,2/0,3/0,4/0,5/0;0/8,1/13,2/9,3/9,4/8,5/15,6/11,7/18,8/10,9/10,10/17,11/12;0/0,1/0,2/0,3/0,4/0,5/0;0/5,1/5,2/5,3/5,4/5,5/5,6/5,7/5,8/5,9/5,10/5,11/5;0/92,1/64,2/65,3/68,4/62,5/97;0/42,1/34,2/34,3/31,4/38,5/35,6/36,7/34,8/37,9/37,10/33,11/38;0/119,1/97,2/101,3/97,4/92,5/134;0/405,1/405,2/406,3/402,4/399,5/403,6/399,7/401,8/402,9/404,10/408,11/406
4199.95;448;435;6;12;0/3017.82,1/3235.57,2/3194.08,3/3234.54,4/3285.02,5/2866.91;0/124.72,1/122.07,2/109.8,3/155.02,4/182.98,5/140.6,6/178.72,7/153.41,8/148.73,9/130.67,10/91.53,11/109.36;0/4199.95,1/4199.95,2/4199.95,3/4199.95,4/4199.95,5/4199.95;0/4199.95,1/4199.95,2/4199.95,3/4199.95,4/4199.95,5/4199.95,6/4199.95,7/4199.95,8/4199.95,9/4199.95,10/4199.95,11/4199.95;0/0,1/0,2/0,3/0,4/0,5/0;0/1,1/0,2/0,3/0,4/2,5/0,6/0,7/0,8/0,9/0,10/0,11/0;0/0,1/0,2/0,3/0,4/0,5/0;0/8,1/14,2/9,3/16,4/9,5/13,6/10,7/15,8/11,9/10,10/14,11/11;0/0,1/0,2/0,3/0,4/0,5/0;0/5,1/5,2/5,3/5,4/5,5/5,6/5,7/5,8/5,9/5,10/5,11/5;0/92,1/64,2/65,3/68,4/62,5/97;0/43,1/34,2/35,3/31,4/38,5/35,6/37,7/34,8/38,9/38,10/34,11/38;0/119,1/97,2/101,3/97,4/92,5/134;0/411,1/411,2/412,3/408,4/405,5/409,6/405,7/407,8/408,9/410,10/414,11/412
4259.83;448;443;6;12;0/3077.69,1/3295.44,2/3253.95,3/3294.42,4/3344.89,5/2926.78;0/125.66,1/122.38,2/110.43,3/155.59,4/206.21,5/141.14,6/179.21,7/153.98,8/149.21,9/131.46,10/91.91,11/109.97;0/4259.83,1/4259.83,2/4259.83,3/4259.83,4/4259.83,5/4259.83;0/4259.83,1/4259.83,2/4259.83,3/4259.83,4/4259.83,5/4259.83,6/4259.83,7/4259.83,8/4259.83,9/4259.83,10/4259.83,11/4259.83;0/0,1/0,2/0,3/0,4/0,5/0;0/0,1/0,2/0,3/0,4/0,5/0,6/0,7/0,8/0,9/0,10/0,11/4;0/0,1/0,2/0,3/0,4/0,5/0;0/9,1/11,2/12,3/12,4/11,5/10,6/7,7/14,8/12,9/11,10/12,11/13;0/0,1/0,2/0,3/0,4/0,5/0;0/5,1/5,2/5,3/5,4/5,5/5,6/5,7/5,8/5,9/5,10/5,11/5;0/92,1/64,2/65,3/68,4/62,5/97;0/45,1/34,2/35,3/32,4/39,5/36,6/38,7/35,8/38,9/38,10/34,11/39;0/119,1/97,2/101,3/97,4/92,5/134;0/416,1/417,2/418,3/414,4/408,5/415,6/411,7/413,8/414,9/416,10/420,11/418
4319.99;448;452;6;12;0/3137.85,1/3355.6,2/3314.11,3/3354.58,4/3405.05,5/2986.94;0/126.4,1/122.78,2/110.87,3/156.06,4/234.72,5/141.95,6/179.75,7/154.59,8/149.6,9/132.24,10/92.58,11/110.49;0/4319.99,1/4319.99,2/4319.99,3/4319.99,4/4319.99,5/4319.99;0/4319.99,1/4319.99,2/4319.99,3/4319.99,4/4319.99,5/4319.99,6/4319.99,7/4319.99,8/4319.99,9/4319.99,10/4319.99,11/4319.99;0/0,1/0,2/0,3/0,4/0,5/0;0/0,1/0,2/0,3/0,4/2,5/1,6/0,7/0,8/0,9/0,10/0,11/0;0/0,1/0,2/0,3/0,4/0,5/0;0/12,1/15,2/10,3/12,4/11,5/10,6/11,7/10,8/10,9/20,10/11,11/14;0/0,1/0,2/0,3/0,4/0,5/0;0/5,1/5,2/5,3/5,4/5,5/5,6/5,7/5,8/5,9/5,10/5,11/5;0/92,1/64,2/65,3/68,4/62,5/97;0/45,1/36,2/36,3/33,4/41,5/36,6/38,7/35,8/39,9/39,10/35,11/39;0/119,1/97,2/101,3/97,4/92,5/134;0/422,1/423,2/424,3/420,4/412,5/421,6/417,7/419,8/420,9/422,10/426,11/424
4379.99;448;460;6;12;0/3197.85,1/3415.6,2/3374.11,3/3414.58,4/3465.05,5/3046.95;0/126.83,1/123.11,2/111.39,3/156.58,4/235.24,5/142.81,6/180.24,7/155.03,8/150.63,9/132.75,10/93.21,11/116.18;0/4379.99,1/4379.99,2/4379.99,3/4379.99,4/4379.99,5/4379.99;0/4379.99,1/4379.99,2/4379.99,3/4379.99,4/4379.99,5/4379.99,6/4379.99,7/4379.99,8/4379.99,9/4379.99,10/4379.99,11/4379.99;0/0,1/0,2/0,3/0,4/0,5/0;0/0,1/0,2/0,3/0,4/4,5/6,6/0,7/0,8/0,9/2,10/0,11/0;0/0,1/0,2/0,3/0,4/0,5/0;0/13,1/13,2/9,3/9,4/10,5/17,6/7,7/11,8/11,9/19,10/8,11/11;0/0,1/0,2/0,3/0,4/0,5/0;0/5,1/5,2/5,3/5,4/5,5/5,6/5,7/5,8/5,9/5,10/5,11/5;0/92,1/64,2/65,3/68,4/62,5/97;0/47,1/37,2/37,3/33,4/41,5/37,6/39,7/35,8/39,9/40,10/35,11/40;0/119,1/97,2/101,3/97,4/92,5/134;0/428,1/429,2/430,3/426,4/418,5/427,6/423,7/425,8/426,9/428,10/432,11/430
4439.93;448;467;6;12;0/3257.79,1/3475.54,2/3434.05,3/3474.52,4/3524.99,5/3106.88;0/127.25,1/123.81,2/112.11,3/157.44,4/236.41,5/143.33,6/180.82,7/155.94,8/151.55,9/133.27,10/93.63,11/116.58;0/4439.93,1/4439.93,2/4439.93,3/4439.93,4/4439.93,5/4439.93;0/4439.93,1/4439.93,2/4439.93,3/4439.93,4/4439.93,5/4439.93,6/4439.93,7/4439.93,8/4439.93,9/4439.93,10/4439.93,11/4439.93;0/0,1/0,2/0,3/0,4/0,5/0;0/0,1/0,2/0,3/5,4/1,5/0,6/0,7/4,8/0,9/0,10/0,11/0;0/0,1/0,2/0,3/0,4/0,5/0;0/17,1/13,2/10,3/14,4/15,5/11,6/13,7/18,8/10,9/17,10/8,11/9;0/0,1/0,2/0,3/0,4/0,5/0;0/5,1/5,2/5,3/5,4/5,5/5,6/5,7/5,8/5,9/5,10/5,11/5;0/92,1/64,2/65,3/68,4/62,5/97;0/47,1/38,2/38,3/34,4/42,5/37,6/39,7/36,8/40,9/40,10/36,11/40;0/119,1/97,2/101,3/97,4/92,5/134;0/434,1/435,2/436,3/432,4/424,5/433,6/429,7/431,8/432,9/434,10/438,11/436
4499.97;448;474;6;12;0/3317.83,1/3535.58,2/3494.1,3/3534.56,4/3585.03,5/3166.93;0/128.12,1/124.58,2/112.55,3/157.91,4/237.21,5/143.94,6/181.31,7/156.49,8/152.4,9/134,10/94.22,11/117.16;0/4499.97,1/4499.97,2/4499.97,3/4499.97,4/4499.97,5/4499.97;0/4499.97,1/4499.97,2/4499.97,3/4499.97,4/4499.97,5/4499.97,6/4499.97,7/4499.97,8/4499.97,9/4499.97,10/4499.97,11/4499.97;0/0,1/0,2/0,3/0,4/0,5/0;0/0,1/0,2/2,3/0,4/0,5/0,6/0,7/0,8/0,9/1,10/0,11/0;0/0,1/0,2/0,3/0,4/0,5/0;0/18,1/13,2/13,3/13,4/11,5/8,6/8,7/14,8/10,9/16,10/10,11/10;0/0,1/0,2/0,3/0,4/0,5/0;0/5,1/5,2/5,3/5,4/5,5/5,6/5,7/5,8/5,9/5,10/5,11/5;0/92,1/64,2/65,3/68,4/62,5/97;0/47,1/38,2/38,3/35,4/42,5/39,6/40,7/36,8/41,9/41,10/36,11/41;0/119,1/97,2/101,3/97,4/92,5/134;0/440,1/441,2/442,3/438,4/430,5/439,6/435,7/437,8/438,9/440,10/444,11/442
4559.84;448;484;6;12;0/3377.71,1/3595.46,2/3553.97,3/3594.44,4/3644.91,5/3226.8;0/128.88,1/125.06,2/113.25,3/158.56,4/238.12,5/144.77,6/181.81,7/157.05,8/153.14,9/135.18,10/94.81,11/117.83;0/4559.84,1/4559.84,2/4559.84,3/4559.84,4/4559.84,5/4559.84;0/4559.84,1/4559.84,2/4559.84,3/4559.84,4/4559.84,5/4559.84,6/4559.84,7/4559.84,8/4559.84,9/4559.84,10/4559.84,11/4559.84;0/0,1/0,2/0,3/0,4/0,5/0;0/0,1/0,2/0,3/0,4/0,5/2,6/0,7/0,8/2,9/0,10/0,11/0;0/0,1/0,2/0,3/0,4/0,5/0;0/13,1/9,2/15,3/11,4/8,5/8,6/6,7/17,8/14,9/19,10/10,11/13;0/0,1/0,2/0,3/0,4/0,5/0;0/5,1/5,2/5,3/5,4/5,5/5,6/5,7/5,8/5,9/5,10/5,11/5;0/92,1/64,2/65,3/68,4/62,5/97;0/48,1/39,2/39,3/36,4/43,5/39,6/41,7/37,8/42,9/41,10/37,11/42;0/119,1/97,2/101,3/97,4/92,5/134;0/446,1/447,2/448,3/444,4/436,5/445,6/441,7/443,8/444,9/446,10/450,11/448
4619.98;448;487;6;12;0/3437.84,1/3655.59,2/3614.1,3/3654.57,4/3705.04,5/3286.93;0/129.78,1/125.76,2/113.69,3/158.96,4/239.14,5/146.37,6/182.5,7/157.54,8/154.38,9/135.46,10/95.58,11/118.27;0/4619.98,1/4619.98,2/4619.98,3/4619.98,4/4619.98,5/4619.98;0/4619.98,1/4619.98,2/4619.98,3/4619.98,4/4619.98,5/4619.98,6/4619.98,7/4619.98,8/4619.98,9/4619.98,10/4619.98,11/4619.98;0/0,1/0,2/0,3/0,4/0,5/0;0/0,1/1,2/0,3/0,4/0,5/0,6/1,7/0,8/0,9/0,10/0,11/1;0/0,1/0,2/0,3/0,4/0,5/0;0/14,1/11,2/16,3/7,4/10,5/9,6/11,7/13,8/11,9/13,10/7,11/14;0/0,1/0,2/0,3/0,4/0,5/0;0/5,1/5,2/5,3/5,4/5,5/5,6/5,7/5,8/5,9/5,10/5,11/5;0/92,1/64,2/65,3/68,4/62,5/97;0/48,1/40,2/39,3/36,4/44,5/40,6/41,7/37,8/42,9/41,10/37,11/42;0/119,1/97,2/101,3/97,4/92,5/134;0/452,1/453,2/454,3/450,4/442,5/451,6/447,7/449,8/450,9/452,10/456,11/454
4679.98;448;497;6;12;0/3497.85,1/3715.6,2/3674.11,3/3714.57,4/3765.05,5/3346.94;0/130.2,1/126.54,2/114.49,3/159.78,4/239.68,5/147.04,6/182.9,7/157.99,8/155.39,9/135.84,10/96.45,11/118.68;0/4679.98,1/4679.98,2/4679.98,3/4679.98,4/4679.98,5/4679.98;0/4679.98,1/4679.98,2/4679.98,3/4679.98,4/4679.98,5/4679.98,6/4679.98,7/4679.98,8/4679.98,9/4679.98,10/4679.98,11/4679.98;0/0,1/0,2/0,3/0,4/0,5/0;0/0,1/0,2/0,3/0,4/0,5/0,6/0,7/4,8/0,9/2,10/0,11/0;0/0,1/0,2/0,3/0,4/0,5/0;0/16,1/10,2/14,3/12,4/12,5/13,6/12,7/11,8/14,9/10,10/10,11/13;0/0,1/0,2/0,3/0,4/0,5/0;0/5,1/5,2/5,3/5,4/5,5/5,6/5,7/5,8/5,9/5,10/5,11/5;0/92,1/64,2/65,3/68,4/62,5/97;0/49,1/40,2/40,3/37,4/45,5/40,6/42,7/38,8/43,9/42,10/38,11/43;0/119,1/97,2/101,3/97,4/92,5/134;0/458,1/459,2/460,3/456,4/448,5/457,6/453,7/455,8/456,9/458,10/462,11/460
4739.97;448;503;6;12;0/3557.83,1/3775.58,2/3734.09,3/3774.56,4/3825.03,5/3406.92;0/131.06,1/127.26,2/115.24,3/160.37,4/240.3,5/147.38,6/183.3,7/158.45,8/156.06,9/136.27,10/97.45,11/119;0/4739.97,1/4739.97,2/4739.97,3/4739.97,4/4739.97,5/4739.97;0/4739.97,1/4739.97,2/4739.97,3/4739.97,4/4739.97,5/4739.97,6/4739.97,7/4739.97,8/4739.97,9/4739.97,10/4739.97,11/4739.97;0/0,1/0,2/0,3/0,4/0,5/0;0/0,1/0,2/3,3/0,4/3,5/0,6/0,7/0,8/0,9/0,10/0,11/0;0/0,1/0,2/0,3/0,4/0,5/0;0/18,1/6,2/15,3/8,4/17,5/8,6/14,7/10,8/11,9/8,10/10,11/14;0/0,1/0,2/0,3/0,4/0,5/0;0/5,1/5,2/5,3/5,4/5,5/5,6/5,7/5,8/5,9/5,10/5,11/5;0/92,1/64,2/65,3/68,4/62,5/97;0/49,1/40,2/41,3/37,4/45,5/41,6/43,7/39,8/44,9/42,10/39,11/43;0/119,1/97,2/101,3/97,4/92,5/134;0/464,1/465,2/466,3/462,4/454,5/463,6/459,7/461,8/462,9/464,10/468,11/465
4799.85;448;509;6;12;0/3617.72,1/3835.47,2/3793.98,3/3834.44,4/3884.92,5/3466.81;0/135.28,1/127.98,2/115.8,3/160.99,4/240.76,5/148.46,6/183.75,7/159.07,8/156.76,9/136.76,10/98.04,11/119.51;0/4799.85,1/4799.85,2/4799.85,3/4799.85,4/4799.85,5/4799.85;0/4799.85,1/4799.85,2/4799.85,3/4799.85,4/4799.85,5/4799.85,6/4799.85,7/4799.85,8/4799.85,9/4799.85,10/4799.85,11/4799.85;0/0,1/0,2/0,3/0,4/0,5/0;0/0,1/0,2/0,3/3,4/0,5/0,6/0,7/0,8/0,9/0,10/0,11/0;0/0,1/0,2/0,3/0,4/0,5/0;0/12,1/15,2/15,3/11,4/14,5/11,6/17,7/9,8/17,9/9,10/14,11/13;0/0,1/0,2/0,3/0,4/0,5/0;0/5,1/5,2/5,3/5,4/5,5/5,6/5,7/5,8/5,9/5,10/5,11/5;0/92,1/64,2/65,3/68,4/62,5/97;0/50,1/41,2/41,3/38,4/45,5/41,6/43,7/40,8/44,9/44,10/39,11/43;0/119,1/97,2/101,3/97,4/92,5/134;0/470,1/471,2/472,3/468,4/460,5/469,6/465,7/467,8/468,9/470,10/474,11/471
4859.99;448;521;6;12;0/3677.85,1/3895.6,2/3854.11,3/3894.58,4/3945.05,5/3526.94;0/135.84,1/128.64,2/116.29,3/161.95,4/241.26,5/149.06,6/184.24,7/159.82,8/157.38,9/137.79,10/98.94,11/119.93;0/4859.99,1/4859.99,2/4859.99,3/4859.99,4/4859.99,5/4859.99;0/4859.99,1/4859.99,2/4859.99,3/4859.99,4/4859.99,5/4859.99,6/4859.99,7/4859.99,8/4859.99,9/4859.99,10/4859.99,11/4859.99;0/0,1/0,2/0,3/0,4/0,5/0;0/0,1/0,2/0,3/0,4/0,5/3,6/0,7/0,8/0,9/0,10/3,11/0;0/0,1/0,2/0,3/0,4/0,5/0;0/13,1/14,2/11,3/12,4/15,5/9,6/11,7/12,8/16,9/13,10/12,11/12;0/0,1/0,2/0,3/0,4/0,5/0;0/5,1/5,2/5,3/5,4/5,5/5,6/5,7/5,8/5,9/5,10/5,11/5;0/92,1/64,2/65,3/68,4/62,5/97;0/51,1/42,2/42,3/39,4/46,5/42,6/44,7/41,8/45,9/45,10/40,11/44;0/119,1/97,2/101,3/97,4/92,5/134;0/476,1/477,2/478,3/474,4/465,5/475,6/471,7/473,8/474,9/476,10/480,11/477
4919.89;448;526;6;12;0/3737.75,1/3955.5,2/3914.01,3/3954.48,4/4004.95,5/3586.84;0/136.66,1/129.21,2/116.87,3/162.82,4/241.83,5/150.18,6/184.99,7/160.37,8/158.02,9/138.25,10/99.4,11/120.42;0/4919.89,1/4919.89,2/4919.89,3/4919.89,4/4919.89,5/4919.89;0/4919.89,1/4919.89,2/4919.89,3/4919.89,4/4919.89,5/4919.89,6/4919.89,7/4919.89,8/4919.89,9/4919.89,10/4919.89,11/4919.89;0/0,1/0,2/0,3/0,4/0,5/0;0/0,1/0,2/1,3/0,4/0,5/2,6/0,7/0,8/0,9/0,10/0,11/0;0/0,1/0,2/0,3/0,4/0,5/0;0/15,1/9,2/11,3/14,4/14,5/11,6/12,7/10,8/11,9/11,10/10,11/8;0/0,1/0,2/0,3/0,4/0,5/0;0/5,1/5,2/5,3/5,4/5,5/5,6/5,7/5,8/5,9/5,10/5,11/5;0/92,1/64,2/65,3/68,4/62,5/97;0/51,1/43,2/42,3/39,4/46,5/43,6/44,7/41,8/46,9/46,10/41,11/44;0/119,1/97,2/101,3/97,4/92,5/134;0/482,1/483,2/484,3/480,4/471,5/481,6/477,7/479,8/480,9/482,10/486,11/483
4979.88;448;534;6;12;0/3797.74,1/4015.49,2/3974.01,3/4014.47,4/4064.94,5/3646.84;0/137.14,1/129.63,2/117.4,3/163.54,4/242.26,5/151.12,6/185.64,7/160.83,8/159.52,9/139.53,10/100.44,11/121.14;0/4979.88,1/4979.88,2/4979.88,3/4979.88,4/4979.88,5/4979.88;0/4979.88,1/4979.88,2/4979.88,3/4979.88,4/4979.88,5/4979.88,6/4979.88,7/4979.88,8/4979.88,9/4979.88,10/4979.88,11/4979.88;0/0,1/0,2/0,3/0,4/0,5/0;0/0,1/2,2/0,3/0,4/0,5/0,6/0,7/0,8/0,9/0,10/0,11/4;0/0,1/0,2/0,3/0,4/0,5/0;0/14,1/12,2/8,3/10,4/11,5/10,6/13,7/7,8/11,9/8,10/12,11/10;0/0,1/0,2/0,3/0,4/0,5/0;0/5,1/5,2/5,3/5,4/5,5/5,6/5,7/5,8/5,9/5,10/5,11/5;0/92,1/64,2/65,3/68,4/62,5/97;0/52,1/43,2/43,3/40,4/47,5/44,6/44,7/42,8/46,9/47,10/41,11/45;0/119,1/97,2/101,3/97,4/92,5/134;0/488,1/489,2/490,3/486,4/477,5/487,6/483,7/485,8/486,9/488,10/491,11/489
5039.79;448;547;6;12;0/3857.65,1/4075.4,2/4033.92,3/4074.38,4/4124.85,5/3706.75;0/138.17,1/130.37,2/118.33,3/164.16,4/242.82,5/151.74,6/185.98,7/161.91,8/160.1,9/140.21,10/101.03,11/121.65;0/5039.79,1/5039.79,2/5039.79,3/5039.79,4/5039.79,5/5039.79;0/5039.79,1/5039.79,2/5039.79,3/5039.79,4/5039.79,5/5039.79,6/5039.79,7/5039.79,8/5039.79,9/5039.79,10/5039.79,11/5039.79;0/0,1/0,2/0,3/0,4/0,5/0;0/0,1/0,2/0,3/0,4/0,5/0,6/0,7/3,8/0,9/0,10/0,11/0;0/0,1/0,2/0,3/0,4/0,5/0;0/17,1/9,2/11,3/10,4/16,5/8,6/9,7/11,8/8,9/6,10/7,11/13;0/0,1/0,2/0,3/0,4/0,5/0;0/5,1/5,2/5,3/5,4/5,5/5,6/5,7/5,8/5,9/5,10/5,11/5;0/92,1/64,2/65,3/68,4/62,5/97;0/53,1/44,2/44,3/41,4/47,5/44,6/45,7/43,8/49,9/48,10/42,11/47;0/119,1/97,2/101,3/97,4/92,5/134;0/494,1/495,2/496,3/492,4/483,5/493,6/489,7/491,8/492,9/494,10/497,11/495
5099.97;448;555;6;12;0/3917.83,1/4135.58,2/4094.1,3/4134.56,4/4185.03,5/3766.93;0/138.75,1/131.13,2/119.1,3/164.82,4/243.25,5/152.28,6/186.87,7/162.73,8/160.91,9/141.33,10/102.37,11/122.05;0/5099.97,1/5099.97,2/5099.97,3/5099.97,4/5099.97,5/5099.97;0/5099.97,1/5099.97,2/5099.97,3/5099.97,4/5099.97,5/5099.97,6/5099.97,7/5099.97,8/5099.97,9/5099.97,10/5099.97,11/5099.97;0/0,1/0,2/0,3/0,4/0,5/0;0/0,1/0,2/0,3/2,4/0,5/4,6/0,7/2,8/0,9/5,10/0,11/0;0/0,1/0,2/0,3/0,4/0,5/0;0/17,1/11,2/10,3/13,4/15,5/14,6/14,7/8,8/11,9/15,10/15,11/11;0/0,1/0,2/0,3/0,4/0,5/0;0/5,1/5,2/5,3/5,4/5,5/5,6/5,7/5,8/5,9/5,10/5,11/5;0/92,1/64,2/65,3/68,4/62,5/97;0/53,1/44,2/44,3/42,4/47,5/45,6/46,7/44,8/50,9/49,10/43,11/48;0/119,1/97,2/101,3/97,4/92,5/134;0/500,1/501,2/502,3/498,4/489,5/499,6/495,7/497,8/498,9/500,10/503,11/501
5159.98;448;564;6;12;0/3977.84,1/4195.59,2/4154.1,3/4194.57,4/4245.04,5/3826.94;0/139.39,1/131.86,2/119.46,3/165.43,4/243.89,5/152.73,6/187.4,7/172.19,8/161.53,9/141.91,10/103.03,11/122.41;0/5159.98,1/5159.98,2/5159.98,3/5159.98,4/5159.98,5/5159.98;0/5159.98,1/5159.98,2/5159.98,3/5159.98,4/5159.98,5/5159.98,6/5159.98,7/5159.98,8/5159.98,9/5159.98,10/5159.98,11/5159.98;0/0,1/0,2/0,3/0,4/0,5/0;0/0,1/0,2/0,3/0,4/0,5/0,6/0,7/0,8/1,9/0,10/0,11/0;0/0,1/0,2/0,3/0,4/0,5/0;0/16,1/15,2/12,3/10,4/15,5/17,6/12,7/10,8/12,9/13,10/13,11/9;0/0,1/0,2/0,3/0,4/0,5/0;0/5,1/5,2/5,3/5,4/5,5/5,6/5,7/5,8/5,9/5,10/5,11/5;0/92,1/64,2/65,3/68,4/62,5/97;0/53,1/44,2/45,3/43,4/48,5/45,6/47,7/45,8/51,9/51,10/43,11/49;0/119,1/97,2/101,3/97,4/92,5/134;0/506,1/507,2/508,3/504,4/495,5/505,6/501,7/502,8/504,9/506,10/509,11/507
5219.97;448;574;6;12;0/4037.83,1/4255.58,2/4214.1,3/4254.56,4/4305.03,5/3886.93;0/139.82,1/132.28,2/120.37,3/166.34,4/244.24,5/153.17,6/187.84,7/172.79,8/161.89,9/142.86,10/103.61,11/122.87;0/5219.97,1/5219.97,2/5219.97,3/5219.97,4/5219.97,5/5219.97;0/5219.97,1/5219.97,2/5219.97,3/5219.97,4/5219.97,5/5219.97,6/5219.97,7/5219.97,8/5219.97,9/5219.97,10/5219.97,11/5219.97;0/0,1/0,2/0,3/0,4/0,5/0;0/1,1/0,2/3,3/0,4/0,5/0,6/0,7/0,8/0,9/0,10/3,11/0;0/0,1/0,2/0,3/0,4/0,5/0;0/16,1/15,2/13,3/12,4/14,5/13,6/18,7/13,8/13,9/10,10/14,11/8;0/0,1/0,2/0,3/0,4/0,5/0;0/5,1/5,2/5,3/5,4/5,5/5,6/5,7/5,8/5,9/5,10/5,11/5;0/92,1/64,2/65,3/68,4/62,5/97;0/54,1/45,2/46,3/44,4/49,5/46,6/47,7/46,8/52,9/52,10/43,11/50;0/119,1/97,2/101,3/97,4/92,5/134;0/512,1/513,2/514,3/510,4/501,5/510,6/507,7/508,8/510,9/512,10/515,11/513
5279.99;448;579;6;12;0/4097.85,1/4315.6,2/4274.11,3/4314.58,4/4365.05,5/3946.95;0/140.17,1/132.67,2/120.82,3/166.69,4/244.67,5/153.98,6/188.19,7/173.28,8/162.35,9/143.81,10/104.09,11/132.7;0/5279.99,1/5279.99,2/5279.99,3/5279.99,4/5279.99,5/5279.99;0/5279.99,1/5279.99,2/5279.99,3/5279.99,4/5279.99,5/5279.99,6/5279.99,7/5279.99,8/5279.99,9/5279.99,10/5279.99,11/5279.99;0/0,1/0,2/0,3/0,4/0,5/0;0/0,1/1,2/0,3/0,4/0,5/1,6/0,7/0,8/0,9/0,10/1,11/2;0/0,1/0,2/0,3/0,4/0,5/0;0/12,1/11,2/9,3/10,4/14,5/23,6/17,7/13,8/9,9/10,10/12,11/9;0/0,1/0,2/0,3/0,4/0,5/0;0/5,1/5,2/5,3/5,4/5,5/5,6/5,7/5,8/5,9/5,10/5,11/5;0/92,1/64,2/65,3/68,4/62,5/97;0/55,1/46,2/47,3/44,4/49,5/46,6/47,7/46,8/52,9/52,10/44,11/51;0/119,1/97,2/101,3/97,4/92,5/134;0/518,1/519,2/520,3/516,4/507,5/516,6/513,7/514,8/516,9/518,10/521,11/518
5339.89;448;586;6;12;0/4157.76,1/4375.51,2/4334.02,3/4374.48,4/4424.96,5/4006.85;0/141.05,1/133.49,2/121.26,3/167.11,4/245.01,5/154.34,6/188.75,7/173.59,8/162.96,9/145.08,10/104.6,11/133.75;0/5339.89,1/5339.89,2/5339.89,3/5339.89,4/5339.89,5/5339.89;0/5339.89,1/5339.89,2/5339.89,3/5339.89,4/5339.89,5/5339.89,6/5339.89,7/5339.89,8/5339.89,9/5339.89,10/5339.89,11/5339.89;0/0,1/0,2/0,3/0,4/0,5/0;0/0,1/0,2/2,3/0,4/0,5/0,6/0,7/0,8/5,9/1,10/0,11/0;0/0,1/0,2/0,3/0,4/0,5/0;0/15,1/12,2/14,3/9,4/10,5/20,6/13,7/12,8/12,9/10,10/10,11/11;0/0,1/0,2/0,3/0,4/0,5/0;0/5,1/5,2/5,3/5,4/5,5/5,6/5,7/5,8/5,9/5,10/5,11/5;0/92,1/64,2/65,3/68,4/62,5/97;0/55,1/46,2/48,3/44,4/50,5/47,6/48,7/46,8/53,9/53,10/45,11/51;0/119,1/97,2/101,3/97,4/92,5/134;0/524,1/525,2/525,3/522,4/513,5/522,6/519,7/520,8/522,9/524,10/527,11/524
5399.97;448;595;6;12;0/4217.84,1/4435.59,2/4394.1,3/4434.56,4/4485.04,5/4066.93;0/141.57,1/134.49,2/121.78,3/167.51,4/245.44,5/155.21,6/189.19,7/173.99,8/163.52,9/145.5,10/105.11,11/134.65;0/5399.97,1/5399.97,2/5399.97,3/5399.97,4/5399.97,5/5399.97;0/5399.97,1/5399.97,2/5399.97,3/5399.97,4/5399.97,5/5399.97,6/5399.97,7/5399.97,8/5399.97,9/5399.97,10/5399.97,11/5399.97;0/0,1/0,2/0,3/0,4/0,5/0;0/0,1/4,2/0,3/2,4/0,5/0,6/0,7/0,8/0,9/0,10/2,11/0;0/0,1/0,2/0,3/0,4/0,5/0;0/13,1/12,2/10,3/9,4/13,5/16,6/13,7/11,8/12,9/7,10/14,11/11;0/0,1/0,2/0,3/0,4/0,5/0;0/5,1/5,2/5,3/5,4/5,5/5,6/5,7/5,8/5,9/5,10/5,11/5;0/92,1/64,2/65,3/68,4/62,5/97;0/56,1/47,2/48,3/45,4/50,5/48,6/48,7/47,8/54,9/54,10/45,11/53;0/119,1/97,2/101,3/97,4/92,5/134;0/530,1/531,2/531,3/528,4/519,5/528,6/525,7/526,8/528,9/530,10/533,11/530
5459.98;448;605;6;12;0/4277.85,1/4495.6,2/4454.11,3/4494.57,4/4545.05,5/4126.94;0/142.3,1/135.08,2/122.2,3/167.91,4/245.97,5/155.93,6/189.56,7/174.46,8/187.81,9/146.1,10/105.73,11/135.47;0/5459.98,1/5459.98,2/5459.98,3/5459.98,4/5459.98,5/5459.98;0/5459.98,1/5459.98,2/5459.98,3/5459.98,4/5459.98,5/5459.98,6/5459.98,7/5459.98,8/5459.98,9/5459.98,10/5459.98,11/5459.98;0/23,1/26,2/29,3/28,4/23,5/23;0/0,1/6,2/0,3/0,4/0,5/0,6/0,7/0,8/0,9/0,10/0,11/0;0/26,1/26,2/29,3/28,4/23,5/26;0/12,1/13,2/7,3/10,4/23,5/17,6/11,7/15,8/20,9/13,10/14,11/20;0/4,1/3,2/3,3/3,4/2,5/4;0/4,1/3,2/3,3/3,4/3,5/4,6/4,7/3,8/3,9/3,10/4,11/4;0/92,1/64,2/65,3/68,4/62,5/97;0/56,1/48,2/49,3/46,4/51,5/49,6/49,7/48,8/55,9/55,10/46,11/53;0/119,1/97,2/101,3/97,4/92,5/134;0/536,1/537,2/537,3/533,4/525,5/534,6/531,7/532,8/531,9/535,10/539,11/536
5519.95;451;615;6;12;0/4327.23,1/4544.24,2/4514.08,3/4554.54,4/4605.01,5/4166.27;0/142.72,1/135.71,2/122.88,3/168.4,4/246.41,5/156.56,6/190.16,7/174.91,8/188.74,9/146.64,10/106.5,11/136.28;0/5519.95,1/5519.95,2/5519.95,3/5519.95,4/5519.95,5/5519.95;0/5519.95,1/5519.95,2/5519.95,3/5519.95,4/5519.95,5/5519.95,6/5519.95,7/5519.95,8/5519.95,9/5519.95,10/5519.95,11/5519.95;0/21,1/24,2/29,3/25,4/23,5/22;0/0,1/0,2/0,3/0,4/0,5/0,6/0,7/0,8/4,9/0,10/0,11/0;0/25,1/25,2/29,3/28,4/23,5/24;0/11,1/13,2/7,3/7,4/18,5/13,6/11,7/19,8/21,9/15,10/16,11/19;0/4,1/3,2/3,3/3,4/2,5/4;0/4,1/3,2/3,3/3,4/3,5/4,6/4,7/3,8/3,9/3,10/4,11/4;0/93,1/65,2/65,3/68,4/62,5/98;0/58,1/49,2/49,3/47,4/52,5/49,6/49,7/49,8/56,9/55,10/48,11/54;0/121,1/99,2/101,3/97,4/92,5/137;0/542,1/543,2/543,3/539,4/531,5/540,6/537,7/538,8/537,9/541,10/545,11/542
5579.96;454;626;6;12;0/4343.51,1/4585.71,2/4574.09,3/4604.43,4/4665.03,5/4197.14;0/143.84,1/136.72,2/123.54,3/169.86,4/246.77,5/157.23,6/190.84,7/175.46,8/189.85,9/147.41,10/107.03,11/136.99;0/5579.96,1/5579.96,2/5579.96,3/5579.96,4/5579.96,5/5579.96;0/5579.96,1/5579.96,2/5579.96,3/5579.96,4/5579.96,5/5579.96,6/5579.96,7/5579.96,8/5579.96,9/5579.96,10/5579.96,11/5579.96;0/21,1/22,2/29,3/24,4/23,5/22;0/2,1/0,2/0,3/3,4/0,5/0,6/0,7/0,8/0,9/0,10/0,11/0;0/27,1/24,2/29,3/28,4/23,5/24;0/12,1/13,2/9,3/9,4/12,5/13,6/10,7/17,8/18,9/15,10/10,11/20;0/4,1/3,2/3,3/3,4/2,5/4;0/4,1/3,2/3,3/3,4/3,5/4,6/4,7/3,8/3,9/3,10/4,11/4;0/94,1/65,2/65,3/69,4/62,5/99;0/58,1/50,2/49,3/48,4/53,5/51,6/50,7/50,8/57,9/57,10/49,11/54;0/125,1/100,2/101,3/99,4/92,5/139;0/548,1/549,2/549,3/545,4/537,5/546,6/543,7/544,8/543,9/547,10/551,11/548
5639.84;458;637;6;12;0/4368.46,1/4637.63,2/4633.96,3/4620.45,4/4724.9,5/4238.93;0/144.27,1/137.37,2/124.1,3/183.91,4/247.32,5/157.54,6/191.54,7/175.83,8/190.62,9/148.43,10/107.78,11/137.51;0/5639.84,1/5639.84,2/5639.84,3/5639.84,4/5639.84,5/5639.84;0/5639.84,1/5639.84,2/5639.84,3/5639.84,4/5639.84,5/5639.84,6/5639.84,7/5639.84,8/5639.84,9/5639.84,10/5639.84,11/5639.84;0/17,1/20,2/25,3/22,4/23,5/20;0/0,1/0,2/0,3/0,4/0,5/0,6/2,7/0,8/0,9/2,10/0,11/0;0/25,1/23,2/29,3/27,4/23,5/24;0/7,1/11,2/8,3/12,4/8,5/10,6/12,7/12,8/13,9/15,10/9,11/17;0/4,1/3,2/3,3/3,4/2,5/4;0/4,1/3,2/3,3/3,4/3,5/4,6/4,7/3,8/3,9/3,10/4,11/4;0/95,1/66,2/65,3/70,4/62,5/100;0/59,1/50,2/50,3/50,4/53,5/52,6/51,7/52,8/58,9/58,10/50,11/54;0/128,1/101,2/101,3/103,4/92,5/141;0/554,1/555,2/555,3/550,4/543,5/552,6/549,7/550,8/549,9/553,10/557,11/554
5700;464;649;6;12;0/4406.59,1/4665.85,2/4654.36,3/4663.84,4/4785.06,5/4265.54;0/145.1,1/137.9,2/124.85,3/184.61,4/248.16,5/157.95,6/192.27,7/176.46,8/191.52,9/148.76,10/108.27,11/137.86;0/5700,1/5700,2/5700,3/5700,4/5700,5/5700;0/5700,1/5700,2/5700,3/5700,4/5700,5/5700,6/5700,7/5700,8/5700,9/5700,10/5700,11/5700;0/17,1/19,2/28,3/21,4/20,5/22;0/2,1/0,2/0,3/0,4/0,5/0,6/0,7/0,8/0,9/0,10/0,11/0;0/24,1/23,2/28,3/26,4/23,5/24;0/9,1/13,2/7,3/10,4/12,5/9,6/11,7/10,8/14,9/9,10/14,11/12;0/4,1/3,2/3,3/3,4/2,5/4;0/4,1/3,2/3,3/3,4/3,5/4,6/4,7/3,8/3,9/3,10/4,11/4;0/96,1/67,2/66,3/71,4/62,5/102;0/60,1/50,2/51,3/52,4/53,5/53,6/52,7/54,8/60,9/59,10/50,11/55;0/131,1/104,2/105,3/105,4/92,5/145;0/560,1/561,2/561,3/556,4/549,5/558,6/555,7/556,8/555,9/559,10/563,11/560
5759.98;471;661;6;12;0/4419.07,1/4705.72,2/4714.34,3/4674.01,4/4845.04,5/4297.57;0/145.7,1/138.32,2/126.09,3/185.27,4/248.91,5/158.58,6/192.75,7/176.9,8/192.4,9/149.34,10/109.2,11/138.38;0/5759.98,1/5759.98,2/5759.98,3/5759.98,4/5759.98,5/5759.98;0/5759.98,1/5759.98,2/5759.98,3/5759.98,4/5759.98,5/5759.98,6/5759.98,7/5759.98,8/5759.98,9/5759.98,10/5759.98,11/5759.98;0/21,1/21,2/22,3/21,4/20,5/18;0/0,1/0,2/0,3/0,4/0,5/0,6/1,7/0,8/0,9/1,10/0,11/0;0/26,1/24,2/28,3/25,4/23,5/24;0/13,1/12,2/16,3/14,4/11,5/11,6/12,7/10,8/13,9/9,10/15,11/7;0/4,1/3,2/3,3/3,4/2,5/4;0/4,1/3,2/3,3/3,4/3,5/4,6/4,7/3,8/3,9/3,10/4,11/4;0/98,1/69,2/66,3/73,4/62,5/103;0/61,1/51,2/52,3/52,4/55,5/54,6/53,7/54,8/62,9/60,10/51,11/56;0/136,1/107,2/105,3/110,4/92,5/147;0/566,1/567,2/567,3/562,4/555,5/564,6/561,7/562,8/561,9/565,10/569,11/566
5819.77;476;670;6;12;0/4449.09,1/4725.91,2/4744.89,3/4725.53,4/4874.89,5/4337.44;0/146.37,1/138.77,2/126.94,3/186.03,4/249.48,5/176.57,6/193.33,7/177.3,8/192.83,9/150.09,10/109.75,11/139.16;0/5819.77,1/5819.77,2/5819.77,3/5819.77,4/5819.77,5/5819.77;0/5819.77,1/5819.77,2/5819.77,3/5819.77,4/5819.77,5/5819.77,6/5819.77,7/5819.77,8/5819.77,9/5819.77,10/5819.77,11/5819.77;0/19,1/18,2/21,3/19,4/21,5/20;0/0,1/0,2/0,3/2,4/0,5/3,6/0,7/0,8/0,9/0,10/0,11/0;0/26,1/22,2/27,3/25,4/21,5/26;0/9,1/11,2/13,3/11,4/11,5/14,6/12,7/12,8/11,9/6,10/11,11/10;0/4,1/3,2/3,3/3,4/2,5/4;0/4,1/3,2/3,3/3,4/3,5/4,6/4,7/3,8/3,9/3,10/4,11/4;0/99,1/70,2/67,3/73,4/63,5/104;0/62,1/52,2/52,3/53,4/56,5/55,6/53,7/55,8/62,9/61,10/51,11/58;0/138,1/110,2/108,3/110,4/95,5/149;0/572,1/573,2/573,3/568,4/561,5/568,6/567,7/568,8/567,9/571,10/575,11/572
5879.99;486;681;6;12;0/4459.47,1/4752.27,2/4755.4,3/4753.84,4/4935.1,5/4357.93;0/146.84,1/139.37,2/127.4,3/186.62,4/250.04,5/177.32,6/193.82,7/177.9,8/197.77,9/161.57,10/110.41,11/139.85;0/5879.99,1/5879.99,2/5879.99,3/5879.99,4/5879.99,5/5879.99;0/5879.99,1/5879.99,2/5879.99,3/5879.99,4/5879.99,5/5879.99,6/5879.99,7/5879.99,8/5879.99,9/5879.99,10/5879.99,11/5879.99;0/18,1/20,2/22,3/21,4/17,5/18;0/0,1/0,2/0,3/0,4/0,5/0,6/0,7/1,8/0,9/5,10/0,11/0;0/24,1/22,2/25,3/23,4/22,5/24;0/9,1/8,2/12,3/9,4/8,5/17,6/11,7/19,8/9,9/13,10/10,11/14;0/4,1/3,2/3,3/3,4/2,5/4;0/4,1/3,2/3,3/3,4/3,5/4,6/4,7/3,8/3,9/3,10/4,11/4;0/101,1/72,2/69,3/75,4/63,5/106;0/62,1/53,2/53,3/54,4/58,5/56,6/54,7/55,8/63,9/62,10/52,11/59;0/143,1/114,2/113,3/114,4/95,5/153;0/578,1/579,2/579,3/574,4/567,5/574,6/573,7/574,8/573,9/576,10/581,11/578
5939.98;494;685;6;12;0/4486.85,1/4786.39,2/4785,3/4785.97,4/4965.3,5/4394.28;0/147.63,1/139.77,2/128.25,3/187.32,4/250.86,5/177.81,6/194.46,7/178.46,8/198.32,9/162.05,10/111.36,11/140.54;0/5939.98,1/5939.98,2/5939.98,3/5939.98,4/5939.98,5/5939.98;0/5939.98,1/5939.98,2/5939.98,3/5939.98,4/5939.98,5/5939.98,6/5939.98,7/5939.98,8/5939.98,9/5939.98,10/5939.98,11/5939.98;0/18,1/18,2/20,3/20,4/18,5/16;0/0,1/0,2/1,3/0,4/0,5/0,6/0,7/0,8/0,9/0,10/0,11/1;0/22,1/22,2/24,3/24,4/20,5/23;0/14,1/18,2/10,3/8,4/16,5/16,6/10,7/16,8/9,9/14,10/13,11/14;0/4,1/3,2/3,3/3,4/2,5/4;0/4,1/3,2/3,3/3,4/3,5/4,6/4,7/3,8/3,9/3,10/4,11/4;0/103,1/73,2/70,3/76,4/64,5/108;0/63,1/53,2/53,3/54,4/58,5/56,6/54,7/56,8/64,9/63,10/52,11/59;0/147,1/116,2/116,3/116,4/98,5/156;0/584,1/584,2/585,3/580,4/573,5/580,6/579,7/580,8/579,9/582,10/587,11/584
5999.99;505;694;6;12;0/4499.78,1/4806.59,2/4812.68,3/4820.83,4/5005.35,5/4407.44;0/148.05,1/140.47,2/128.71,3/188.06,4/251.35,5/178.6,6/194.99,7/179.09,8/199.23,9/162.41,10/112.14,11/141.29;0/5999.99,1/5999.99,2/5999.99,3/5999.99,4/5999.99,5/5999.99;0/5999.99,1/5999.99,2/5999.99,3/5999.99,4/5999.99,5/5999.99,6/5999.99,7/5999.99,8/5999.99,9/5999.99,10/5999.99,11/5999.99;0/16,1/17,2/20,3/21,4/18,5/17;0/0,1/0,2/0,3/0,4/0,5/0,6/0,7/0,8/0,9/0,10/4,11/0;0/20,1/21,2/22,3/24,4/20,5/21;0/9,1/14,2/9,3/10,4/13,5/13,6/9,7/13,8/16,9/12,10/14,11/11;0/4,1/3,2/3,3/3,4/2,5/4;0/4,1/3,2/3,3/3,4/3,5/4,6/4,7/3,8/3,9/3,10/4,11/4;0/105,1/75,2/72,3/78,4/65,5/110;0/63,1/54,2/54,3/55,4/59,5/58,6/55,7/56,8/64,9/63,10/53,11/60;0/151,1/120,2/120,3/119,4/100,5/161;0/589,1/590,2/591,3/586,4/579,5/586,6/585,7/586,8/585,9/588,10/593,11/590
6059.99;512;704;6;12;0/4540.04,1/4846.76,2/4862.63,3/4848.03,4/5045.48,5/4423.05;0/148.49,1/141.48,2/129.17,3/188.83,4/252.1,5/178.91,6/195.43,7/179.76,8/199.69,9/162.92,10/112.54,11/141.91;0/6059.99,1/6059.99,2/6059.99,3/6059.99,4/6059.99,5/6059.99;0/6059.99,1/6059.99,2/6059.99,3/6059.99,4/6059.99,5/6059.99,6/6059.99,7/6059.99,8/6059.99,9/6059.99,10/6059.99,11/6059.99;0/14,1/18,2/16,3/18,4/17,5/16;0/0,1/0,2/0,3/0,4/0,5/0,6/0,7/0,8/0,9/0,10/0,11/0;0/20,1/22,2/21,3/22,4/19,5/20;0/7,1/14,2/10,3/11,4/13,5/8,6/10,7/11,8/12,9/8,10/10,11/13;0/4,1/3,2/3,3/3,4/2,5/4;0/4,1/3,2/3,3/3,4/3,5/4,6/4,7/3,8/3,9/3,10/4,11/4;0/106,1/76,2/73,3/79,4/66,5/112;0/64,1/55,2/54,3/56,4/59,5/59,6/56,7/56,8/66,9/64,10/54,11/61;0/153,1/122,2/121,3/122,4/102,5/165;0/595,1/596,2/597,3/592,4/585,5/592,6/590,7/592,8/591,9/594,10/599,11/596
6119.84;521;713;6;12;0/4551.09,1/4884.81,2/4874.49,3/4897.63,4/5085.49,5/4478.45;0/149.24,1/142.1,2/129.92,3/189.44,4/252.48,5/179.69,6/195.95,7/180.24,8/200.07,9/163.51,10/113.15,11/142.43;0/6119.84,1/6119.84,2/6119.84,3/6119.84,4/6119.84,5/6119.84;0/6119.84,1/6119.84,2/6119.84,3/6119.84,4/6119.84,5/6119.84,6/6119.84,7/6119.84,8/6119.84,9/6119.84,10/6119.84,11/6119.84;0/15,1/17,2/17,3/17,4/18,5/12;0/2,1/0,2/0,3/0,4/0,5/0,6/0,7/0,8/0,9/3,10/0,11/5;0/18,1/20,2/19,3/22,4/20,5/20;0/10,1/12,2/8,3/15,4/11,5/9,6/9,7/11,8/9,9/9,10/8,11/19;0/4,1/3,2/3,3/3,4/2,5/4;0/4,1/3,2/3,3/3,4/3,5/4,6/4,7/3,8/3,9/3,10/4,11/4;0/109,1/78,2/75,3/80,4/67,5/112;0/64,1/55,2/55,3/56,4/60,5/60,6/58,7/57,8/68,9/64,10/55,11/61;0/158,1/125,2/126,3/123,4/104,5/165;0/601,1/602,2/603,3/598,4/591,5/598,6/596,7/598,8/597,9/600,10/605,11/602
6179.97;525;722;6;12;0/4600.34,1/4927,2/4925.55,3/4926.68,4/5125.77,5/4500.62;0/149.77,1/142.64,2/130.41,3/190.07,4/253.15,5/180.24,6/196.41,7/180.69,8/200.73,9/164.2,10/113.61,11/142.74;0/6179.97,1/6179.97,2/6179.97,3/6179.97,4/6179.97,5/6179.97;0/6179.97,1/6179.97,2/6179.97,3/6179.97,4/6179.97,5/6179.97,6/6179.97,7/6179.97,8/6179.97,9/6179.97,10/6179.97,11/6179.97;0/14,1/16,2/14,3/17,4/17,5/15;0/2,1/0,2/0,3/1,4/0,5/2,6/0,7/0,8/0,9/0,10/6,11/0;0/18,1/20,2/20,3/21,4/19,5/19;0/15,1/13,2/12,3/11,4/7,5/12,6/8,7/7,8/13,9/9,10/12,11/16;0/4,1/3,2/3,3/3,4/2,5/4;0/4,1/3,2/3,3/3,4/3,5/4,6/4,7/3,8/3,9/3,10/4,11/4;0/109,1/78,2/75,3/81,4/68,5/114;0/65,1/56,2/56,3/57,4/61,5/61,6/58,7/58,8/68,9/65,10/55,11/62;0/159,1/126,2/126,3/126,4/106,5/169;0/607,1/608,2/609,3/604,4/597,5/604,6/602,7/604,8/603,9/606,10/611,11/608
6239.93;535;729;6;12;0/4630.36,1/4953.87,2/4953.67,3/4968.36,4/5176.67,5/4519.09;0/150.5,1/143.29,2/130.77,3/190.61,4/253.82,5/180.8,6/197.08,7/181.13,8/201.41,9/165.03,10/114.06,11/143.1;0/6239.93,1/6239.93,2/6239.93,3/6239.93,4/6239.93,5/6239.93;0/6239.93,1/6239.93,2/6239.93,3/6239.93,4/6239.93,5/6239.93,6/6239.93,7/6239.93,8/6239.93,9/6239.93,10/6239.93,11/6239.93;0/12,1/12,2/14,3/15,4/15,5/12;0/0,1/0,2/0,3/0,4/1,5/0,6/0,7/3,8/0,9/1,10/0,11/0;0/16,1/16,2/16,3/19,4/18,5/16;0/14,1/12,2/14,3/10,4/9,5/12,6/14,7/13,8/13,9/9,10/12,11/12;0/4,1/3,2/3,3/3,4/2,5/4;0/4,1/3,2/3,3/3,4/3,5/4,6/4,7/3,8/3,9/3,10/4,11/4;0/111,1/80,2/77,3/82,4/69,5/116;0/66,1/57,2/56,3/57,4/62,5/61,6/59,7/59,8/69,9/66,10/55,11/62;0/162,1/130,2/130,3/128,4/107,5/173;0/613,1/614,2/615,3/610,4/603,5/610,6/608,7/610,8/609,9/612,10/617,11/614
6299.96;543;737;6;12;0/4670.44,1/5004.21,2/4985.8,3/4986.88,4/5205.91,5/4559.48;0/151.34,1/143.82,2/131.13,3/191.41,4/254.41,5/181.64,6/197.63,7/181.97,8/202.16,9/165.43,10/138.21,11/143.43;0/6299.96,1/6299.96,2/6299.96,3/6299.96,4/6299.96,5/6299.96;0/6299.96,1/6299.96,2/6299.96,3/6299.96,4/6299.96,5/6299.96,6/6299.96,7/6299.96,8/6299.96,9/6299.96,10/6299.96,11/6299.96;0/11,1/11,2/12,3/11,4/14,5/12;0/0,1/0,2/0,3/0,4/0,5/0,6/0,7/0,8/0,9/0,10/0,11/0;0/14,1/15,2/14,3/15,4/16,5/15;0/16,1/18,2/8,3/10,4/15,5/9,6/15,7/13,8/16,9/11,10/9,11/7;0/4,1/3,2/3,3/3,4/2,5/4;0/4,1/3,2/3,3/3,4/3,5/4,6/4,7/3,8/3,9/3,10/4,11/4;0/113,1/81,2/78,3/84,4/70,5/117;0/66,1/57,2/57,3/57,4/64,5/62,6/60,7/59,8/70,9/66,10/56,11/63;0/164,1/131,2/132,3/132,4/110,5/175;0/619,1/620,2/621,3/616,4/609,5/616,6/614,7/616,8/615,9/618,10/621,11/620
6360;550;743;6;12;0/4720.58,1/5017.5,2/5045.84,3/5046.92,4/5254.07,5/4589.57;0/151.94,1/144.26,2/132.13,3/192.21,4/255.07,5/182.38,6/198.55,7/192.34,8/202.7,9/165.84,10/139.4,11/144.01;0/6360,1/6360,2/6360,3/6360,4/6360,5/6360;0/6360,1/6360,2/6360,3/6360,4/6360,5/6360,6/6360,7/6360,8/6360,9/6360,10/6360,11/6360;0/10,1/10,2/11,3/10,4/12,5/10;0/0,1/0,2/2,3/0,4/0,5/0,6/0,7/0,8/0,9/0,10/0,11/0;0/13,1/11,2/14,3/15,4/14,5/13;0/10,1/18,2/15,3/15,4/12,5/5,6/13,7/9,8/14,9/7,10/12,11/4;0/4,1/3,2/3,3/3,4/2,5/4;0/4,1/3,2/3,3/3,4/3,5/4,6/4,7/3,8/3,9/3,10/4,11/4;0/114,1/83,2/78,3/84,4/71,5/120;0/67,1/57,2/57,3/58,4/64,5/63,6/61,7/60,8/70,9/67,10/56,11/63;0/165,1/135,2/132,3/132,4/112,5/178;0/625,1/626,2/627,3/622,4/615,5/622,6/620,7/621,8/620,9/624,10/627,11/626
6419.9;561;755;6;12;0/4750.52,1/5077.41,2/5075.82,3/5067.13,4/5285.98,5/4636.62;0/152.63,1/144.66,2/132.51,3/192.69,4/255.68,5/183.2,6/199.71,7/193.08,8/203.08,9/166.31,10/139.91,11/144.8;0/6419.9,1/6419.9,2/6419.9,3/6419.9,4/6419.9,5/6419.9;0/6419.9,1/6419.9,2/6419.9,3/6419.9,4/6419.9,5/6419.9,6/6419.9,7/6419.9,8/6419.9,9/6419.9,10/6419.9,11/6419.9;0/10,1/8,2/10,3/9,4/11,5/8;0/0,1/0,2/0,3/0,4/0,5/2,6/1,7/0,8/0,9/0,10/0,11/2;0/12,1/11,2/11,3/11,4/12,5/11;0/10,1/20,2/11,3/19,4/10,5/12,6/16,7/10,8/9,9/14,10/13,11/11;0/4,1/3,2/3,3/3,4/2,5/4;0/4,1/3,2/3,3/3,4/3,5/4,6/4,7/3,8/3,9/3,10/4,11/4;0/117,1/83,2/81,3/86,4/72,5/122;0/69,1/58,2/58,3/59,4/66,5/63,6/62,7/61,8/71,9/68,10/57,11/63;0/168,1/135,2/135,3/136,4/114,5/180;0/631,1/632,2/633,3/628,4/621,5/628,6/626,7/627,8/626,9/630,10/633,11/632
6479.99;568;763;6;12;0/4800.63,1/5126.11,2/5125.97,3/5117.23,4/5336.1,5/4689.58;0/153.33,1/145.09,2/132.93,3/193.06,4/257.7,5/184.3,6/200.17,7/194.21,8/203.67,9/166.82,10/140.69,11/180.7;0/6479.99,1/6479.99,2/6479.99,3/6479.99,4/6479.99,5/6479.99;0/6479.99,1/6479.99,2/6479.99,3/6479.99,4/6479.99,5/6479.99,6/6479.99,7/6479.99,8/6479.99,9/6479.99,10/6479.99,11/6479.99;0/9,1/8,2/8,3/7,4/10,5/7;0/0,1/0,2/0,3/3,4/0,5/0,6/0,7/0,8/0,9/0,10/0,11/0;0/12,1/9,2/10,3/10,4/11,5/10;0/11,1/15,2/8,3/19,4/11,5/13,6/11,7/17,8/11,9/14,10/13,11/9;0/4,1/3,2/3,3/3,4/2,5/4;0/4,1/3,2/3,3/3,4/3,5/4,6/4,7/3,8/3,9/3,10/4,11/4;0/118,1/85,2/82,3/87,4/73,5/123;0/69,1/58,2/58,3/60,4/68,5/64,6/62,7/61,8/72,9/69,10/58,11/64;0/169,1/137,2/136,3/137,4/115,5/181;0/637,1/638,2/639,3/634,4/627,5/634,6/632,7/633,8/632,9/636,10/638,11/634
6539.95;579;773;6;12;0/4845.29,1/5167.53,2/5165.96,3/5167.26,4/5381.47,5/4710.1;0/153.78,1/145.51,2/133.63,3/193.65,4/258.43,5/184.73,6/200.7,7/195.1,8/204.24,9/167.33,10/141.23,11/181.83;0/6539.95,1/6539.95,2/6539.95,3/6539.95,4/6539.95,5/6539.95;0/6539.95,1/6539.95,2/6539.95,3/6539.95,4/6539.95,5/6539.95,6/6539.95,7/6539.95,8/6539.95,9/6539.95,10/6539.95,11/6539.95;0/7,1/6,2/7,3/6,4/8,5/5;0/0,1/0,2/2,3/0,4/0,5/4,6/0,7/0,8/0,9/0,10/0,11/0;0/10,1/8,2/8,3/9,4/9,5/7;0/10,1/13,2/9,3/17,4/14,5/13,6/8,7/13,8/15,9/9,10/18,11/9;0/4,1/3,2/3,3/3,4/2,5/4;0/4,1/3,2/3,3/3,4/3,5/4,6/4,7/3,8/3,9/3,10/4,11/4;0/120,1/86,2/84,3/88,4/75,5/126;0/70,1/59,2/59,3/61,4/69,5/65,6/63,7/62,8/73,9/69,10/58,11/65;0/171,1/138,2/138,3/138,4/117,5/184;0/643,1/644,2/645,3/640,4/633,5/640,6/638,7/639,8/638,9/642,10/644,11/640
6599.82;587;777;6;12;0/4882.16,1/5224.99,2/5224.49,3/5202.94,4/5436.01,5/4759.99;0/154.64,1/145.92,2/134.28,3/194.09,4/259.22,5/185.32,6/201.41,7/196.01,8/204.87,9/168.52,10/142.05,11/182.74;0/6599.82,1/6599.82,2/6599.82,3/6599.82,4/6599.82,5/6599.82;0/6599.82,1/6599.82,2/6599.82,3/6599.82,4/6599.82,5/6599.82,6/6599.82,7/6599.82,8/6599.82,9/6599.82,10/6599.82,11/6599.82;0/5,1/5,2/5,3/5,4/7,5/2;0/0,1/0,2/0,3/0,4/0,5/0,6/2,7/0,8/0,9/0,10/0,11/0;0/8,1/7,2/7,3/6,4/9,5/6;0/11,1/17,2/10,3/17,4/12,5/14,6/10,7/13,8/13,9/12,10/15,11/11;0/4,1/3,2/3,3/3,4/2,5/4;0/4,1/3,2/3,3/3,4/3,5/4,6/4,7/3,8/3,9/3,10/4,11/4;0/122,1/87,2/85,3/91,4/75,5/127;0/70,1/59,2/59,3/62,4/70,5/66,6/64,7/62,8/73,9/69,10/58,11/65;0/173,1/139,2/139,3/141,4/117,5/185;0/649,1/650,2/651,3/646,4/639,5/646,6/644,7/645,8/644,9/648,10/650,11/646
6659.88;594;789;6;12;0/4930.75,1/5267.5,2/5269.85,3/5257.22,4/5486.09,5/4800.19;0/154.97,1/146.22,2/134.93,3/194.45,4/260.03,5/186.18,6/202.05,7/196.76,8/205.6,9/169.27,10/142.54,11/183.29;0/6659.88,1/6659.88,2/6659.88,3/6659.88,4/6659.88,5/6659.88;0/6659.88,1/6659.88,2/6659.88,3/6659.88,4/6659.88,5/6659.88,6/6659.88,7/6659.88,8/6659.88,9/6659.88,10/6659.88,11/6659.88;0/19,1/19,2/22,3/23,4/21,5/16;0/0,1/0,2/6,3/0,4/0,5/0,6/0,7/0,8/0,9/0,10/0,11/0;0/22,1/25,2/25,3/28,4/22,5/22;0/7,1/11,2/13,3/16,4/8,5/12,6/11,7/10,8/11,9/8,10/18,11/8;0/4,1/3,2/3,3/3,4/2,5/4;0/4,1/3,2/3,3/3,4/3,5/4,6/4,7/3,8/3,9/3,10/4,11/4;0/124,1/88,2/86,3/91,4/76,5/129;0/71,1/61,2/61,3/62,4/70,5/66,6/64,7/65,8/74,9/69,10/59,11/67;0/175,1/140,2/140,3/141,4/118,5/187;0/655,1/656,2/657,3/652,4/645,5/652,6/650,7/651,8/650,9/654,10/656,11/652
6719.88;607;800;6;12;0/4951.05,1/5285.58,2/5296.15,3/5289.47,4/5536.15,5/4825.69;0/155.91,1/146.56,2/139.43,3/195.09,4/260.84,5/186.58,6/205.45,7/197.17,8/206.19,9/178,10/143.19,11/184.07;0/6719.88,1/6719.88,2/6719.88,3/6719.88,4/6719.88,5/6719.88;0/6719.88,1/6719.88,2/6719.88,3/6719.88,4/6719.88,5/6719.88,6/6719.88,7/6719.88,8/6719.88,9/6719.88,10/6719.88,11/6719.88;0/20,1/20,2/21,3/25,4/18,5/18;0/0,1/0,2/0,3/0,4/0,5/0,6/1,7/0,8/2,9/0,10/0,11/0;0/24,1/23,2/27,3/29,4/23,5/20;0/10,1/7,2/18,3/14,4/15,5/11,6/7,7/12,8/14,9/9,10/18,11/10;0/4,1/3,2/3,3/3,4/2,5/4;0/4,1/3,2/3,3/3,4/3,5/4,6/4,7/3,8/3,9/3,10/4,11/4;0/126,1/91,2/88,3/94,4/77,5/131;0/71,1/61,2/62,3/63,4/71,5/67,6/65,7/66,8/75,9/71,10/60,11/68;0/178,1/145,2/143,3/144,4/119,5/191;0/661,1/662,2/662,3/658,4/651,5/658,6/656,7/656,8/656,9/659,10/662,11/658
6779.93;614;806;6;12;0/4989.07,1/5325.08,2/5356.2,3/5307.79,4/5566.56,5/4860.63;0/156.27,1/147.38,2/140.25,3/195.78,4/261.11,5/187.07,6/206.01,7/197.77,8/206.72,9/178.79,10/143.88,11/184.62;0/6779.93,1/6779.93,2/6779.93,3/6779.93,4/6779.93,5/6779.93;0/6779.93,1/6779.93,2/6779.93,3/6779.93,4/6779.93,5/6779.93,6/6779.93,7/6779.93,8/6779.93,9/6779.93,10/6779.93,11/6779.93;0/16,1/18,2/19,3/23,4/19,5/15;0/0,1/0,2/0,3/0,4/0,5/0,6/0,7/7,8/2,9/0,10/0,11/0;0/22,1/23,2/27,3/27,4/21,5/21;0/11,1/14,2/15,3/13,4/15,5/9,6/9,7/15,8/17,9/15,10/18,11/13;0/4,1/3,2/3,3/3,4/2,5/4;0/4,1/3,2/3,3/3,4/3,5/4,6/4,7/3,8/3,9/3,10/4,11/4;0/128,1/92,2/88,3/95,4/78,5/133;0/72,1/62,2/62,3/64,4/72,5/67,6/65,7/66,8/75,9/72,10/60,11/69;0/181,1/147,2/143,3/148,4/122,5/193;0/667,1/668,2/668,3/664,4/656,5/664,6/662,7/662,8/662,9/665,10/668,11/664
6839.97;623;815;6;12;0/4999.57,1/5335.01,2/5376.31,3/5347.9,4/5622.06,5/4885.84;0/156.77,1/148.21,2/141.24,3/196.29,4/261.59,5/187.9,6/208.22,7/198.23,8/207.12,9/179.35,10/144.46,11/185.24;0/6839.97,1/6839.97,2/6839.97,3/6839.97,4/6839.97,5/6839.97;0/6839.97,1/6839.97,2/6839.97,3/6839.97,4/6839.97,5/6839.97,6/6839.97,7/6839.97,8/6839.97,9/6839.97,10/6839.97,11/6839.97;0/17,1/20,2/20,3/22,4/18,5/17;0/0,1/0,2/0,3/0,4/0,5/1,6/1,7/0,8/0,9/0,10/1,11/0;0/22,1/22,2/24,3/26,4/21,5/22;0/10,1/21,2/17,3/9,4/12,5/9,6/12,7/12,8/11,9/12,10/16,11/10;0/4,1/3,2/3,3/3,4/2,5/4;0/4,1/3,2/3,3/3,4/3,5/4,6/4,7/3,8/3,9/3,10/4,11/4;0/130,1/94,2/89,3/96,4/79,5/135;0/72,1/62,2/62,3/65,4/73,5/68,6/66,7/67,8/76,9/73,10/62,11/69;0/186,1/152,2/147,3/150,4/123,5/197;0/673,1/674,2/674,3/670,4/662,5/670,6/668,7/668,8/668,9/671,10/674,11/670
6899.96;632;823;6;12;0/5017.02,1/5369.3,2/5396.4,3/5388.22,4/5647.02,5/4910.91;0/157.59,1/151.68,2/141.69,3/197.06,4/262.25,5/188.42,6/209.13,7/206.8,8/207.87,9/179.77,10/144.78,11/186.1;0/6899.96,1/6899.96,2/6899.96,3/6899.96,4/6899.96,5/6899.96;0/6899.96,1/6899.96,2/6899.96,3/6899.96,4/6899.96,5/6899.96,6/6899.96,7/6899.96,8/6899.96,9/6899.96,10/6899.96,11/6899.96;0/18,1/17,2/20,3/23,4/19,5/17;0/4,1/0,2/0,3/0,4/0,5/2,6/2,7/0,8/0,9/0,10/1,11/0;0/23,1/21,2/24,3/27,4/21,5/21;0/10,1/17,2/11,3/9,4/8,5/11,6/18,7/10,8/13,9/8,10/11,11/7;0/4,1/3,2/3,3/3,4/2,5/4;0/4,1/3,2/3,3/3,4/3,5/4,6/4,7/3,8/3,9/3,10/4,11/4;0/132,1/95,2/91,3/97,4/80,5/137;0/73,1/63,2/64,3/66,4/73,5/68,6/66,7/68,8/76,9/73,10/63,11/70;0/190,1/154,2/151,3/152,4/126,5/200;0/679,1/680,2/680,3/676,4/668,5/676,6/674,7/674,8/674,9/677,10/680,11/676
6959.99;638;831;6;12;0/5051.94,1/5396.61,2/5456.43,3/5428.39,4/5687.09,5/4951.01;0/158.33,1/152.31,2/142.45,3/197.59,4/263.25,5/188.77,6/209.58,7/207.46,8/208.17,9/180.17,10/145.27,11/186.93;0/6959.99,1/6959.99,2/6959.99,3/6959.99,4/6959.99,5/6959.99;0/6959.99,1/6959.99,2/6959.99,3/6959.99,4/6959.99,5/6959.99,6/6959.99,7/6959.99,8/6959.99,9/6959.99,10/6959.99,11/6959.99;0/16,1/17,2/19,3/21,4/17,5/16;0/2,1/5,2/0,3/0,4/0,5/0,6/0,7/0,8/0,9/0,10/0,11/0;0/21,1/19,2/24,3/25,4/19,5/20;0/11,1/19,2/8,3/16,4/6,5/10,6/17,7/9,8/8,9/10,10/11,11/13;0/4,1/3,2/3,3/3,4/2,5/4;0/4,1/3,2/3,3/3,4/3,5/4,6/4,7/3,8/3,9/3,10/4,11/4;0/133,1/97,2/91,3/98,4/81,5/138;0/73,1/67,2/64,3/66,4/74,5/69,6/67,7/68,8/76,9/73,10/63,11/71;0/192,1/158,2/151,3/154,4/128,5/202;0/685,1/686,2/686,3/681,4/674,5/682,6/680,7/680,8/680,9/683,10/686,11/682
7019.99;647;842;6;12;0/5101.94,1/5438.87,2/5481.33,3/5462.25,4/5733.95,5/4991.06;0/158.81,1/152.67,2/143.48,3/198.03,4/263.78,5/189.17,6/210.23,7/207.83,8/208.84,9/180.66,10/145.67,11/187.38;0/7019.99,1/7019.99,2/7019.99,3/7019.99,4/7019.99,5/7019.99;0/7019.99,1/7019.99,2/7019.99,3/7019.99,4/7019.99,5/7019.99,6/7019.99,7/7019.99,8/7019.99,9/7019.99,10/7019.99,11/7019.99;0/16,1/18,2/21,3/22,4/17,5/17;0/1,1/0,2/0,3/4,4/1,5/0,6/0,7/6,8/0,9/0,10/0,11/3;0/23,1/20,2/22,3/25,4/19,5/20;0/12,1/16,2/14,3/15,4/14,5/10,6/17,7/12,8/10,9/9,10/9,11/14;0/4,1/3,2/3,3/3,4/2,5/4;0/4,1/3,2/3,3/3,4/3,5/4,6/4,7/3,8/3,9/3,10/4,11/4;0/134,1/98,2/93,3/100,4/82,5/140;0/74,1/67,2/65,3/67,4/74,5/70,6/69,7/68,8/77,9/74,10/65,11/72;0/193,1/159,2/155,3/157,4/130,5/204;0/691,1/692,2/692,3/687,4/680,5/688,6/686,7/686,8/686,9/689,10/692,11/688
7079.99;654;852;6;12;0/5142,1/5483.31,2/5526.64,3/5488.88,4/5787.13,5/5031.2;0/159.22,1/153.12,2/143.95,3/198.5,4/264.35,5/189.57,6/210.55,7/208.55,8/209.54,9/182.72,10/146.28,11/187.92;0/7079.99,1/7079.99,2/7079.99,3/7079.99,4/7079.99,5/7079.99;0/7079.99,1/7079.99,2/7079.99,3/7079.99,4/7079.99,5/7079.99,6/7079.99,7/7079.99,8/7079.99,9/7079.99,10/7079.99,11/7079.99;0/16,1/17,2/20,3/20,4/17,5/17;0/0,1/0,2/0,3/0,4/0,5/0,6/0,7/0,8/1,9/0,10/0,11/0;0/22,1/19,2/22,3/24,4/20,5/20;0/13,1/13,2/10,3/16,4/11,5/10,6/14,7/20,8/10,9/8,10/10,11/9;0/4,1/3,2/3,3/3,4/2,5/4;0/4,1/3,2/3,3/3,4/3,5/4,6/4,7/3,8/3,9/3,10/4,11/4;0/135,1/100,2/94,3/101,4/82,5/142;0/74,1/67,2/66,3/67,4/75,5/71,6/70,7/69,8/78,9/76,10/66,11/73;0/195,1/161,2/156,3/160,4/130,5/206;0/697,1/698,2/698,3/693,4/686,5/694,6/692,7/692,8/692,9/695,10/698,11/694
7140;664;857;6;12;0/5152.6,1/5528.98,2/5576.75,3/5529.13,4/5817.17,5/5070.6;0/159.53,1/153.76,2/144.5,3/198.87,4/264.82,5/190.03,6/211.35,7/209.26,8/210.05,9/183.48,10/146.91,11/188.57;0/7140,1/7140,2/7140,3/7140,4/7140,5/7140;0/7140,1/7140,2/7140,3/7140,4/7140,5/7140,6/7140,7/7140,8/7140,9/7140,10/7140,11/7140;0/16,1/21,2/21,3/19,4/18,5/19;0/0,1/2,2/0,3/0,4/0,5/0,6/0,7/0,8/0,9/0,10/0,11/0;0/20,1/23,2/23,3/23,4/20,5/21;0/12,1/11,2/8,3/13,4/9,5/12,6/12,7/15,8/9,9/13,10/9,11/13;0/4,1/3,2/3,3/3,4/2,5/4;0/4,1/3,2/3,3/3,4/3,5/4,6/4,7/3,8/3,9/3,10/4,11/4;0/137,1/101,2/95,3/102,4/84,5/145;0/75,1/68,2/66,3/68,4/75,5/72,6/70,7/70,8/78,9/76,10/66,11/73;0/200,1/162,2/157,3/162,4/133,5/209;0/703,1/704,2/704,3/699,4/692,5/700,6/697,7/698,8/698,9/701,10/704,11/700
7199.99;675;866;6;12;0/5196.4,1/5569.12,2/5616.81,3/5549.26,4/5857.24,5/5111.42;0/159.95,1/154.33,2/145.35,3/199.3,4/265.36,5/190.38,6/212.26,7/210.22,8/210.75,9/184.25,10/147.54,11/188.92;0/7199.99,1/7199.99,2/7199.99,3/7199.99,4/7199.99,5/7199.99;0/7199.99,1/7199.99,2/7199.99,3/7199.99,4/7199.99,5/7199.99,6/7199.99,7/7199.99,8/7199.99,9/7199.99,10/7199.99,11/7199.99;0/17,1/21,2/20,3/19,4/18,5/18;0/0,1/0,2/0,3/0,4/3,5/0,6/0,7/0,8/0,9/0,10/0,11/0;0/21,1/23,2/24,3/22,4/19,5/21;0/8,1/8,2/6,3/12,4/10,5/9,6/14,7/15,8/6,9/19,10/10,11/10;0/4,1/3,2/3,3/3,4/2,5/4;0/4,1/3,2/3,3/3,4/3,5/4,6/4,7/3,8/3,9/3,10/4,11/4;0/139,1/103,2/97,3/104,4/85,5/147;0/76,1/68,2/67,3/68,4/76,5/73,6/71,7/70,8/79,9/77,10/67,11/74;0/202,1/164,2/159,3/166,4/135,5/211;0/709,1/710,2/710,3/705,4/698,5/706,6/703,7/704,8/704,9/707,10/710,11/706
