#ItemDescriptionID;Weight;OrderCount;MeasuredFrequency;StaticFrequency
0;6.35745961980776;14;0.0121422376409367;0.0201730530881952
1;3.75143770861972;386;0.334778837814397;0.330026456741602
2;7.08831069855406;462;0.400693842150911;0.420214194250991
3;7.93126267470944;26;0.0225498699045967;0.0354476084999328
4;4.28602704139707;15;0.013009540329575;0.0136010304952261
5;3.64070890082079;1153;1;1
6;3.32788843723381;97;0.0841283607979185;0.0914898267402309
7;4.92780831499389;34;0.0294882914137034;0.0354634171547037
8;2.51947930106869;90;0.0780572419774501;0.0854243122572079
9;5.91323141935898;101;0.0875975715524718;0.0848148611173819
10;2.75316348986382;1027;0.89071986123157;0.9505999770911
11;7.0009814095688;96;0.0832610581092801;0.099784346918939
12;3.1212295997521;185;0.160450997398092;0.190433562472812
13;4.94375124803919;464;0.402428447528187;0.407355849852106
14;4.16563412834221;781;0.677363399826539;0.775754304409084
15;2.34205038675203;113;0.0980052038161318;0.109197054754227
16;2.78419004603484;89;0.0771899392888118;0.0735292609888559
17;3.50448997388803;76;0.0659150043365134;0.0704648768896416
18;3.58210242706449;195;0.169124024284475;0.173500646377407
19;6.88191630452961;24;0.02081526452732;0.0147896108485351
20;6.03493512237209;156;0.13529921942758;0.144876757059007
21;3.29783598114636;18;0.01561144839549;0.0210388037322591
22;4.68139919856628;70;0.0607111882046834;0.0688365693124752
23;7.48177557880142;13;0.0112749349522984;0.0215845335661281
24;7.83732348952318;51;0.0442324371205551;0.0429879162290235
25;5.48773651266831;48;0.0416305290546401;0.0364995063482706
26;6.70445434036872;771;0.668690372940156;0.704411053230326
27;7.32550773458812;36;0.0312228967909801;0.0343083328306808
28;4.21383229839328;116;0.100607111882047;0.100911384318446
29;3.14547400322998;81;0.0702515177797051;0.0829513835888008
30;4.68422774722996;123;0.106678230702515;0.124768199072731
31;5.88304086862274;286;0.248048568950564;0.297438501844532
32;6.03315475305224;129;0.111882046834345;0.123167090824849
33;6.97781904273565;272;0.235906331309627;0.266302943833119
34;3.88766004698708;29;0.0251517779705117;0.0390677013053427
35;5.96805184612426;12;0.01040763226366;0.0127874709593137
36;2.60724492119963;521;0.451864700780572;0.46867273692902
37;3.53374818877026;84;0.0728534258456201;0.0788660598195876
38;6.93926358452964;877;0.76062445793582;0.76606690077024
39;7.6723222973162;25;0.0216825672159584;0.0263723832373646
40;5.31066725184706;521;0.451864700780572;0.419377218095388
41;7.5919843593575;330;0.28620988725065;0.302320186590339
42;6.79555041473152;11;0.00954032957502168;0.0124990691545029
43;3.62546997499907;193;0.167389418907199;0.160176852317146
44;5.53334981274481;131;0.113616652211622;0.107321468793916
45;6.73362388868519;466;0.404163052905464;0.424426371923159
46;5.98073519951698;418;0.362532523850824;0.35850253158421
47;2.91382908397998;25;0.0216825672159584;0.0221383484148629
48;2.2043715921251;80;0.0693842150910668;0.0622553231212578
49;6.65314192169027;98;0.0849956634865568;0.0928018659605302
50;3.07829021619553;141;0.122289679098005;0.126786206329388
51;3.37216353014678;835;0.724197745013009;0.782154079077
52;5.64473477548209;26;0.0225498699045967;0.0274116268192319
53;2.61324779717869;133;0.115351257588899;0.123635584497909
54;4.74113195144624;258;0.22376409366869;0.24671376925528
55;4.78465684446723;40;0.0346921075455334;0.0312091311439563
56;6.89303803392362;27;0.023417172593235;0.0154548453904734
57;5.29693874218359;31;0.0268863833477884;0.0274911620693381
58;5.84365837361834;32;0.0277536860364267;0.0283782669559108
59;2.56634720161853;289;0.250650477016479;0.2530204934888
60;7.63989350741724;209;0.181266261925412;0.178631252747711
61;6.74253749230063;581;0.503902862098872;0.528100645055536
62;4.54995049096176;18;0.01561144839549;0.0137139590286702
63;6.94099847084889;14;0.0121422376409367;0.0146224138425549
64;4.70633321753998;152;0.131830008673027;0.124118904632504
65;7.30285996352456;141;0.122289679098005;0.107264193589122
66;3.54306022894711;8;0.00693842150910668;0.0125493499706316
67;6.35621557773846;102;0.0884648742411101;0.0907454369507899
68;7.59390057418211;174;0.15091066782307;0.135530611913531
69;7.22531759702848;471;0.408499566348656;0.490446073913271
70;6.35011763980152;80;0.0693842150910668;0.0620325577645869
71;2.44994155711026;22;0.0190806591500434;0.0197031811866007
72;7.43783826541055;34;0.0294882914137034;0.0423635692432346
73;5.61106011067101;99;0.0858629661751951;0.0672757457978461
74;2.55998129423707;311;0.269731136166522;0.288777519827315
75;3.88990776887625;903;0.783174327840416;0.848364594741712
76;2.04847207388304;385;0.333911535125759;0.36555403247971
77;7.23713782394172;25;0.0216825672159584;0.0182804085528741
78;2.63253444742064;56;0.0485689505637468;0.0429527947429787
79;4.04176288472571;336;0.29141370338248;0.261477961149399
80;2.44017834702515;319;0.276669557675629;0.299768477094694
81;2.75511959137168;623;0.540329575021683;0.540586503179869
82;4.53722418031526;120;0.1040763226366;0.117632056025623
83;3.45481855583136;43;0.0372940156114484;0.0332832598325882
84;3.32715012846848;22;0.0190806591500434;0.0245068411691957
85;7.76961632527859;539;0.467476149176062;0.503027463594952
86;6.7767363361906;97;0.0841283607979185;0.0925378248178597
87;7.77975896456268;29;0.0251517779705117;0.0218272209309604
88;6.22356085396538;93;0.0806591500433651;0.0990231620210763
89;5.16277350166942;24;0.02081526452732;0.023994721791706
90;4.11066056979385;181;0.156981786643539;0.165557845977455
91;3.67403953600397;191;0.165654813529922;0.175341943399262
92;3.89898776165163;747;0.647875108412836;0.67700818098528
93;3.37794790667386;633;0.549002601908066;0.580870476181844
94;6.40177820921027;63;0.0546400693842151;0.0679763696285497
95;4.30712074614462;103;0.0893321769297485;0.124139790913861
96;7.65594840592516;38;0.0329575021682567;0.0410397363823333
97;6.85737129247625;33;0.028620988725065;0.0257842149078179
98;7.69279360943138;597;0.517779705117086;0.50707563392757
99;5.89586232784012;20;0.0173460537727667;0.0173278813437646
