#TimeStamp;Runtime;Requests
0.88;0.17;60
1.88;0.02;7
2.88;0.01;5
3.88;0.01;5
4.93;0.01;7
5.97;0;5
6.98;0.01;4
8.03;0;2
9.03;0;3
10.03;0;2
11.06;0;2
12.23;0;3
13.32;0;3
14.32;0;4
15.32;0;4
16.35;0;4
17.39;0;6
18.4;0;4
19.41;0.01;7
20.45;0;3
21.49;0;3
22.52;0;5
23.55;0;9
24.55;0.01;6
25.55;0;4
26.55;0;3
27.55;0;3
28.59;0.01;4
29.62;0;2
30.63;0;3
31.67;0.02;12
32.7;0.03;5
33.72;0;3
34.81;0;3
35.83;0;6
36.86;0;5
37.9;0;3
38.95;0;5
39.95;0;2
40.99;0;2
42.19;0;1
43.2;0;3
44.22;0;3
45.25;0;1
46.25;0;2
47.25;0.01;2
48.29;0;1
49.77;0;1
51.01;0;1
52.05;0;1
53.07;0;1
54.7;0;1
55.72;0;3
56.77;0;2
57.79;0;1
58.8;0;2
59.8;0;3
60.81;0;2
61.85;0;2
62.86;0;1
63.89;0;3
64.89;0;1
65.91;0;2
66.92;0;2
69.43;0;1
73.55;0.02;2
74.56;0.02;2
75.6;0;1
76.63;0;2
82.5;0;1
83.56;0.01;1
89.93;0;1
90.94;0;1
92.75;0;1
93.75;0;1
94.79;0;2
96.73;0;1
98.78;0;1
104.73;0;1
105.78;0;1
107.16;0;1
108.17;0;1
109.2;0;2
110.21;0;2
115.08;0;1
116.12;0;1
118.58;0;1
121.41;0;1
122.66;0;1
125.53;0;1
126.54;0;1
127.56;0;1
128.59;0;1
129.59;0;1
130.62;0;3
131.66;0;2
132.7;0;3
133.72;0;4
134.75;0;2
135.79;0;4
136.79;0;3
137.84;0;3
138.86;0;4
139.88;0;2
140.93;0;1
141.93;0;2
145.43;0;1
146.52;0;2
147.74;0;1
150.5;0;1
153.8;0;1
154.93;0.01;5
156;0.01;1
158.23;0;1
159.31;0;1
160.32;0;2
161.38;0;1
162.4;0.01;2
163.41;0;2
166.6;0;1
167.62;0.01;2
168.65;0;1
169.68;0.01;3
172.03;0;1
173.03;0;2
174.07;0;1
175.79;0;1
177.5;0;1
178.5;0;1
179.51;0;1
180.54;0;3
181.56;0;1
182.59;0;1
183.6;0;1
184.63;0;2
185.63;0.01;3
186.65;0;1
187.69;0.01;3
188.7;0;1
189.73;0;2
193.08;0;1
194.14;0;1
195.15;0;2
196.39;0;1
197.4;0;3
198.42;0;3
199.45;0;1
200.48;0;3
203.51;0;1
204.55;0;1
205.57;0;1
208.84;0.01;1
209.85;0;1
210.88;0;1
211.88;0;2
212.89;0;2
213.93;0;1
214.94;0;2
215.94;0;2
216.97;0;1
217.98;0;2
219.01;0;2
220.02;0;3
221.02;0;2
222.89;0;1
224.32;0;1
225.57;0;1
226.58;0;1
227.59;0;1
231.75;0;1
233.83;0;1
234.94;0;2
236.21;0;1
237.21;0;2
238.25;0.01;1
239.26;0;1
240.26;0;2
241.36;0.01;3
242.41;0;3
243.43;0.01;4
244.43;0;1
245.46;0;1
247.05;0;1
248.07;0.01;4
249.09;0.01;2
250.11;0;1
251.15;0;2
252.21;0;1
253.34;0;1
254.37;0;2
255.42;0;2
256.44;0.01;5
257.44;0;3
258.47;0;4
259.51;0;5
260.55;0;5
261.59;0;3
262.64;0;2
267.7;0;1
268.81;0;1
269.82;0;2
270.85;0.01;3
271.96;0;2
273.07;0;1
274.1;0;1
275.18;0;1
276.77;0;1
278.4;0;1
279.42;0;2
280.65;0;1
281.82;0;1
283.41;0;1
286.24;0;1
287.28;0.01;4
288.3;0;2
289.4;0;2
290.47;0;1
291.49;0;2
292.51;0.01;4
293.52;0;3
294.52;0;2
295.52;0;1
296.57;0;2
297.61;0;1
299.57;0;1
300.61;0;1
301.7;0;1
303.11;0.01;2
304.89;0;1
305.92;0;2
306.95;0;2
309.39;0;1
310.44;0;1
313.82;0;1
314.82;0.01;1
316;0;1
317.03;0.01;3
318.03;0;2
319.07;0;2
320.09;0;1
321.12;0;1
322.15;0;1
324.35;0;1
325.35;0;1
326.39;0;2
327.4;0;2
328.4;0;2
329.42;0.01;5
330.46;0;1
331.48;0;1
332.52;0;2
333.55;0;4
334.61;0;1
335.64;0;1
336.65;0;1
337.66;0;2
338.68;0;1
339.72;0;1
340.73;0;1
341.77;0;1
343.21;0;1
344.22;0;1
345.22;0;2
346.24;0;1
347.27;0.01;2
348.3;0;1
349.32;0;3
351.77;0;1
353.34;0;1
355.69;0;1
356.93;0;1
357.93;0;3
358.93;0;4
359.97;0;3
361.1;0;1
362.2;0;1
363.6;0;1
364.81;0;1
365.82;0;2
366.86;0.01;3
367.87;0;3
368.89;0;1
369.9;0;1
370.91;0;3
371.95;0;2
372.95;0;2
373.99;0;2
375.02;0.01;4
376.02;0;3
377.04;0;1
378.07;0;4
379.07;0.01;2
380.11;0;1
381.14;0;2
384.73;0.01;1
387.53;0;1
388.57;0.01;3
389.57;0;1
390.73;0;1
391.76;0;1
392.79;0;1
394.02;0;1
395.15;0;3
396.19;0;3
397.21;0;1
398.23;0.01;3
401.08;0;1
402.12;0.01;2
403.15;0;3
404.15;0;2
405.17;0.01;5
406.17;0;3
407.21;0;3
408.25;0;3
409.26;0;2
410.26;0;3
411.3;0;6
412.34;0;3
413.38;0;1
414.39;0;1
415.42;0;3
418.74;0;1
419.88;0;1
420.88;0;1
421.99;0;1
423.04;0;1
424.05;0;1
425.06;0.01;3
426.09;0;1
427.1;0;1
428.2;0;1
429.98;0;1
431.01;0.01;4
432.06;0;1
434.14;0;1
435.17;0;1
436.2;0;1
437.25;0;1
439.67;0;1
440.91;0.01;4
442.03;0.01;3
443.03;0;1
444.07;0;3
445.09;0;2
446.12;0;1
447.13;0;3
448.53;0;1
449.81;0;1
450.85;0;3
452.8;0;1
454.38;0;1
455.46;0;3
456.55;0;1
457.57;0;1
458.71;0;1
459.76;0;3
460.79;0;1
461.82;0;2
462.97;0.01;4
464.01;0;4
465.01;0;2
466.09;0.01;4
467.7;0.01;1
468.7;0;3
469.75;0.01;3
470.76;0;2
471.76;0;4
472.79;0.01;4
473.85;0;2
475.06;0;2
476.13;0;3
477.15;0.01;4
478.18;0;2
479.2;0;3
481.03;0;1
482.11;0;1
484.71;0;1
485.75;0;1
486.75;0;1
487.8;0;2
488.84;0;2
490.65;0;1
491.66;0.02;1
492.69;0.02;4
493.71;0;3
494.71;0;2
495.73;0;1
496.75;0.01;3
497.75;0;1
498.8;0;2
499.8;0;3
500.84;0;3
501.89;0;1
502.89;0;2
503.93;0;2
504.93;0;4
505.97;0;2
506.98;0;2
508.01;0.01;4
509.02;0;2
510.02;0;1
511.06;0;1
512.07;0;1
517.42;0;1
518.45;0;1
520.95;0;1
522.16;0;3
523.23;0;2
524.24;0;2
525.42;0;1
526.43;0;2
527.55;0.01;3
528.58;0;1
530.02;0;1
531.02;0;2
532.27;0;2
534.32;0;1
536.16;0;1
537.16;0.01;3
538.16;0;2
539.2;0;2
540.25;0;2
542.47;0;1
543.77;0;1
544.8;0;1
545.81;0;2
546.83;0;2
550.16;0;1
551.21;0;2
552.24;0;3
553.26;0.01;4
554.29;0.01;2
555.44;0;1
556.45;0.01;3
557.45;0;3
558.52;0.01;5
560.75;0;1
561.79;0;1
562.94;0;1
564;0;2
565.04;0;2
566.06;0;1
567.1;0.01;3
568.12;0;2
569.15;0.01;3
570.2;0;3
571.23;0;5
572.24;0;2
573.24;0;5
574.26;0;3
575.3;0;5
576.3;0;4
577.3;0;4
578.33;0.01;5
579.33;0;4
580.42;0;5
581.44;0;3
582.49;0;3
583.51;0;1
584.51;0;3
585.63;0;3
588.42;0;1
589.42;0;1
590.42;0;2
591.5;0.01;3
592.53;0;1
593.59;0;1
594.64;0.01;4
595.85;0;1
597.2;0;1
598.22;0;1
600.53;0;1
601.54;0.01;1
604.21;0;1
605.44;0;1
606.58;0;1
607.67;0;2
608.99;0;1
610.16;0;1
611.2;0;1
612.21;0;2
613.44;0;1
614.48;0;3
615.49;0;1
616.51;0;2
617.52;0;2
618.53;0;1
619.65;0;1
620.67;0;1
622.9;0;1
623.95;0;1
625.39;0;2
626.58;0;3
627.99;0;1
629.04;0;1
631;0;1
632.04;0;3
633.08;0;3
634.69;0;1
635.71;0.01;4
636.73;0;2
637.73;0;1
638.75;0;1
639.78;0;1
640.87;0;1
641.92;0;2
642.94;0;1
643.95;0.01;5
644.95;0;1
646;0.01;1
647;0;2
648.04;0;2
649.09;0;1
650.09;0;1
651.13;0;2
652.16;0;4
653.17;0;1
654.18;0;2
655.18;0;3
656.22;0;2
657.26;0;2
658.3;0;2
659.34;0;2
660.35;0;1
661.39;0;2
662.97;0.01;1
664.6;0;1
665.61;0;1
666.62;0;1
667.88;0;2
668.95;0;1
669.96;0;1
670.98;0.01;5
672.01;0;1
673.04;0;2
674.06;0;3
675.06;0.01;7
676.06;0;4
677.11;0;5
678.15;0;5
679.15;0.01;5
680.15;0;2
681.2;0;1
682.59;0;1
683.59;0;1
686.72;0;1
687.76;0;1
688.79;0;2
689.81;0;1
691.73;0;2
692.78;0.01;4
693.8;0;2
694.8;0;4
695.8;0;4
696.89;0;2
697.94;0;3
698.98;0;2
700;0;2
701;0;3
702.03;0.01;4
703.47;0;1
704.48;0;2
705.66;0.01;2
710.16;0;2
711.28;0.01;2
712.29;0;2
713.35;0;1
714.38;0;2
715.41;0;3
716.42;0;3
717.7;0;2
718.74;0;1
719.75;0;2
720.79;0.01;3
721.82;0.01;4
722.84;0;2
723.86;0;3
724.91;0;1
725.96;0;3
726.96;0;3
727.99;0;1
729.57;0;1
730.59;0;1
731.61;0;3
732.64;0;4
733.68;0;2
734.68;0;2
735.68;0;3
739.53;0;1
740.56;0;2
741.57;0;1
742.61;0;2
743.68;0;1
744.71;0;1
745.9;0;1
747.03;0.02;3
749.29;0;1
750.3;0;3
751.95;0;1
753.04;0;3
754.28;0;1
755.57;0;2
756.58;0.01;3
757.58;0;2
758.59;0;4
761.86;0;1
763.12;0;1
764.13;0;1
765.29;0;2
766.47;0;2
767.5;0.01;3
768.68;0;1
769.75;0;2
771.8;0;1
772.81;0;2
773.83;0;2
774.96;0;1
775.99;0;1
777.01;0;2
778.03;0;2
779.08;0;2
780.11;0.01;6
781.16;0;4
783.34;0;1
784.41;0.01;1
785.42;0;1
786.62;0;2
787.64;0.01;4
788.74;0;1
789.77;0;2
790.78;0;1
792.48;0;1
793.87;0;1
794.9;0;1
795.96;0;1
797.79;0;1
798.83;0;2
799.86;0;1
801.25;0;1
802.77;0;1
803.83;0;1
805.88;0;1
807.06;0;2
808.06;0;3
809.16;0;2
810.19;0;1
811.2;0;2
812.2;0;2
813.25;0;1
814.26;0;1
815.33;0;1
816.34;0;1
817.62;0;1
818.67;0;3
819.67;0.01;4
820.71;0;2
821.76;0.01;5
822.8;0;2
823.81;0;2
825.42;0;1
828.33;0;1
829.34;0;3
830.39;0;1
831.6;0;1
832.61;0;2
833.61;0;1
834.61;0;1
835.61;0;3
836.66;0;3
837.69;0;3
838.7;0;5
839.74;0;3
840.74;0;2
841.79;0;2
842.82;0;1
843.85;0;3
844.88;0;1
846.04;0;1
849.02;0;1
850.02;0.01;4
851.04;0;4
852.06;0;4
853.18;0;1
854.2;0;2
859.53;0;1
860.55;0;1
861.57;0;1
862.59;0;2
863.66;0.01;2
864.75;0;1
865.78;0;2
866.81;0;1
867.83;0;2
868.83;0;1
872.62;0;2
873.74;0.01;3
874.77;0;2
875.79;0;3
876.83;0;2
877.87;0;1
878.88;0;2
879.9;0;3
880.94;0.01;6
881.98;0;4
882.98;0;5
884;0;4
885.03;0;4
886.07;0;4
887.1;0;5
888.15;0;2
889.19;0;3
890.21;0;3
891.23;0;3
892.25;0;1
893.28;0;2
895.03;0;1
896.06;0.01;3
897.24;0;1
898.43;0;1
899.46;0;3
900.46;0;2
901.5;0;2
902.53;0;3
904.95;0;2
906.13;0;1
907.19;0;1
909.07;0;1
910.12;0;3
911.71;0;1
912.71;0;3
913.74;0.01;3
914.75;0;1
915.78;0;1
916.78;0;1
918.03;0.01;2
919.28;0.01;2
920.32;0;2
921.32;0;1
922.41;0;1
923.41;0;3
924.44;0.01;3
925.44;0;3
926.44;0.01;5
927.44;0;2
928.45;0;2
929.47;0;1
930.66;0;1
931.71;0;1
933.95;0;1
935.2;0.01;2
936.21;0;1
937.61;0;1
938.67;0;1
939.7;0;2
940.73;0.01;5
941.79;0;1
943.87;0;1
944.88;0;4
946.3;0;1
947.36;0;1
948.53;0;2
949.61;0;2
950.82;0.09;1
952.88;0;1
953.92;0;2
954.96;0;2
955.96;0;2
957.01;0.01;2
958.05;0;6
959.81;0;1
960.84;0;1
961.98;0.01;2
963.54;0;1
964.61;0.01;1
965.63;0;1
966.66;0;1
967.68;0;3
968.83;0;2
969.83;0;2
971.17;0;2
972.21;0;1
973.23;0;3
974.23;0;2
975.27;0;1
976.32;0;2
977.32;0;2
978.32;0;5
979.34;0;2
980.38;0;4
981.4;0;3
982.49;0;3
983.51;0;1
984.54;0.01;3
985.59;0;1
986.63;0;4
987.63;0.01;7
988.64;0;4
989.65;0;5
990.65;0;3
991.67;0;2
992.67;0;3
993.72;0;3
994.72;0;2
995.74;0;3
996.76;0;4
997.81;0;5
998.83;0;4
999.86;0.01;6
1000.88;0;2
1001.9;0;3
1002.93;0;3
1003.97;0;4
1004.97;0;4
1006;0;3
1007;0;4
1008.02;0;1
1009.05;0;2
1010.07;0;1
1011.07;0;2
1012.08;0;3
1013.1;0;1
1014.14;0.01;5
1015.18;0;2
1016.28;0;2
1017.29;0;1
1018.36;0.01;2
1019.46;0;1
1020.49;0;1
1021.63;0;1
1022.74;0;2
1023.74;0;4
1024.76;0;4
1025.79;0;2
1026.83;0;2
1027.85;0;2
1028.9;0;3
1029.9;0;1
1030.91;0;4
1031.92;0;2
1032.96;0;3
1034;0;1
1035.03;0;2
1036.04;0;2
1037.05;0;2
1038.28;0;1
1039.33;0.02;3
1040.37;0;2
1041.37;0;1
1042.38;0;3
1043.38;0;3
1044.42;0;2
1045.42;0;2
1046.46;0;3
1047.56;0;1
1048.56;0;2
1049.56;0;1
1050.6;0;1
1051.64;0;2
1052.65;0;2
1053.65;0;2
1054.66;0;2
1055.69;0;2
1056.69;0;1
1058.13;0;1
1059.18;0;1
1060.44;0;1
1061.69;0;1
1063.65;0;1
1064.83;0;1
1066.4;0;1
1067.44;0;2
1069.58;0;1
1070.73;0;2
1072.49;0;1
1074.4;0;1
1075.41;0;1
1076.95;0;1
1078.04;0;1
1079.15;0;4
1080.18;0;3
1081.21;0;4
1082.45;0;1
1083.46;0;3
1084.5;0;3
1085.56;0;1
1086.58;0;1
1087.59;0;1
1088.62;0;2
1089.84;0;1
1090.94;0;1
1091.95;0;3
1092.96;0.01;4
1093.96;0;1
1094.97;0;2
1096.01;0.01;4
1097.01;0;2
1098.05;0;3
1099.05;0;1
1100.09;0;1
1101.13;0;1
1102.18;0;2
1103.18;0;1
1104.23;0;2
1105.76;0;1
1106.94;0;1
1108.47;0;1
1109.47;0;1
1110.52;0;1
1111.6;0;3
1112.61;0;1
1113.79;0;1
1114.83;0;2
1116.87;0;1
1117.92;0;2
1119.01;0;1
1120.87;0;1
1122.31;0;1
1123.33;0;2
1124.42;0;1
1125.54;0;2
1126.56;0.01;4
1127.58;0;2
1128.66;0;1
1129.67;0;3
1131.7;0;1
1134.48;0;1
1135.63;0.01;3
1136.77;0;1
1137.81;0;1
1138.81;0;1
1139.86;0;2
1140.86;0;1
1141.86;0;2
1142.89;0.01;4
1143.93;0;3
1145;0;1
1146.26;0;4
1147.28;0;2
1148.28;0.01;4
1149.95;0;2
1150.98;0;3
1152.03;0;4
1153.06;0;4
1154.1;0;2
1155.15;0;1
1156.15;0.01;2
1157.16;0;1
1158.2;0;2
1159.2;0;2
1160.25;0;1
1161.25;0;1
1162.28;0.01;3
1163.28;0;2
1164.32;0;5
1165.32;0;2
1166.34;0;2
1167.41;0;2
1168.43;0;2
1169.45;0;1
1170.46;0;1
1171.48;0;2
1172.5;0;1
1173.53;0.01;3
1174.54;0;1
1175.55;0;3
1176.57;0;2
1177.57;0;2
1178.6;0;3
1179.6;0;2
1181.26;0;1
1182.29;0;1
1183.31;0;1
1184.33;0;1
1185.35;0;2
1186.37;0;1
1187.38;0;1
1188.41;0;1
1190.42;0;1
1191.59;0;1
1193.04;0;1
1194.62;0;1
1195.64;0;1
1197.44;0;1
1198.44;0;2
1199.48;0.01;4
1200.48;0;3
1201.53;0.01;2
1202.53;0;2
1203.56;0;1
1204.57;0;2
1205.6;0;1
1206.65;0;1
1207.68;0.01;2
1208.69;0;3
1209.73;0;1
1210.74;0.01;3
1211.91;0;2
1212.97;0;1
1214;0;2
1215.01;0;2
1216.03;0;2
1217.21;0;4
1218.29;0.01;3
1219.4;0;3
1220.42;0;2
1221.47;0;5
1222.48;0;2
1223.51;0;2
1224.53;0;1
1225.53;0.01;3
1226.53;0;4
1227.57;0;2
1228.59;0;2
1229.62;0;2
1230.66;0.01;2
1231.69;0;2
1232.94;0;2
1234.07;0.01;3
1235.08;0.01;1
1236.12;0;2
1237.14;0.01;4
1238.17;0;1
1239.54;0;1
1240.59;0;1
1242.67;0;1
1243.8;0;1
1244.83;0;1
1245.95;0;4
1246.96;0;1
1248;0.01;4
1249.04;0;3
1250.05;0.01;3
1251.05;0;2
1252.1;0;3
1253.13;0;3
1254.16;0;2
1255.21;0;1
1256.34;0;2
1257.37;0;1
1258.38;0;1
1259.6;0.01;4
1260.63;0.01;2
1261.67;0;1
1262.71;0;1
1263.87;0;1
1264.89;0;1
1265.9;0;1
1267.01;0;1
1268.04;0;1
1269.07;0;1
1270.07;0;1
1271.12;0;2
1272.12;0;1
1273.16;0;2
1274.16;0;2
1275.19;0.01;3
1276.29;0;1
1277.31;0.01;1
1278.34;0;1
1279.36;0;1
1280.38;0.01;1
1281.73;0;1
1282.76;0;1
1283.79;0;2
1284.79;0;1
1285.96;0;1
1287.76;0;1
1288.79;0;1
1289.84;0;1
1290.87;0;3
1293.13;0;1
1294.14;0.01;2
1295.15;0;2
1296.18;0;5
1297.94;0;1
1298.95;0;1
1299.99;0;1
1302.67;0;1
1304.1;0;1
1305.12;0;3
1306.15;0.01;3
1307.57;0.01;1
1308.75;0;1
1309.77;0;1
1310.79;0;3
1311.91;0;2
1312.92;0;3
1313.96;0;1
1314.96;0;1
1315.97;0;2
1317;0;2
1318.08;0;2
1319.08;0;3
1320.12;0;1
1321.15;0;1
1322.22;0;5
1323.3;0;1
1324.31;0;2
1325.32;0;5
1326.33;0;4
1327.36;0;2
1328.36;0;1
1329.39;0;1
1330.41;0;2
1331.42;0;1
1332.53;0;1
1333.54;0;2
1334.54;0;3
1336.19;0;1
1337.3;0;1
1338.39;0;1
1339.77;0;1
1340.86;0;1
1342.28;0;2
1343.44;0;3
1345.36;0;1
1346.38;0;1
1347.42;0;1
1348.85;0;1
1350.74;0;1
1351.76;0;3
1352.82;0.01;2
1354.34;0;1
1355.36;0;3
1356.61;0;1
1357.64;0.02;3
1358.66;0;1
1359.66;0;1
1360.7;0;4
1361.74;0;3
1362.77;0;1
1363.8;0;1
1364.82;0;1
1365.84;0;2
1366.88;0.02;4
1367.9;0.01;4
1368.9;0;3
1369.91;0;1
1370.95;0;1
1371.99;0;2
1373.02;0;2
1374.05;0.01;3
1375.1;0;2
1376.1;0;2
1377.19;0;2
1378.19;0;4
1379.21;0;1
1380.23;0;1
1381.24;0;2
1382.31;0;2
1383.34;0;1
1384.42;0;1
1385.44;0.01;3
1386.47;0;2
1388.66;0;1
1389.7;0;1
1390.74;0;1
1391.75;0;2
1392.75;0;3
1393.82;0;1
1397.07;0;1
1398.1;0;2
1399.16;0.01;1
1400.16;0;2
1401.16;0;1
1402.18;0;1
1403.19;0;4
1404.19;0.01;4
1405.22;0.01;6
1406.25;0;3
1407.26;0;1
1410.53;0;1
1411.56;0.01;3
1412.59;0;1
1413.59;0;5
1414.61;0;1
1415.66;0;2
1417.19;0;1
1418.23;0;1
1419.23;0;1
1420.26;0.01;1
1421.27;0;2
1422.28;0;3
1423.32;0;2
1424.36;0;2
1425.4;0;2
1426.56;0;1
1427.59;0;1
1428.64;0;1
1435.14;0;1
1436.22;0;1
1437.22;0;2
1438.26;0;2
1439.27;0;4
1440.31;0;3
1441.33;0;3
1442.33;0;7
1443.35;0;2
1444.39;0;2
1445.4;0.01;5
1446.44;0;1
1447.46;0.01;2
1448.49;0;4
1452.04;0;2
1453.13;0.01;3
1454.16;0;1
1455.19;0;1
1456.24;0;1
1457.28;0;1
1458.29;0;3
1459.29;0;1
1460.32;0;1
1461.36;0;3
1462.37;0;3
1463.37;0;2
1464.41;0;3
1465.41;0;2
1466.45;0;2
1467.5;0;1
1468.54;0;2
1469.57;0.01;2
1470.57;0;3
1471.58;0;1
1472.59;0;2
1473.62;0.01;3
1474.62;0;3
1475.62;0;3
1476.62;0;2
1477.63;0;1
1478.66;0;3
1479.66;0.01;5
1480.66;0;2
1481.68;0;1
1482.71;0;2
1484.04;0;1
1485.07;0;2
1486.11;0;2
1487.11;0;1
1488.15;0.01;3
1489.18;0;4
1490.22;0;1
1491.22;0;2
1492.22;0;2
1493.22;0;1
1494.23;0;1
1495.46;0;1
1496.49;0.01;2
1497.53;0.01;4
1498.58;0;1
1499.65;0;2
1500.67;0;1
1501.72;0;1
1502.72;0;1
1504.76;0;1
1505.79;0;1
1507.21;0;1
1508.96;0;1
1509.99;0;3
1511.03;0;2
1512.04;0;2
1513.1;0;2
1514.13;0;3
1515.13;0;4
1516.15;0.01;3
1517.18;0;1
1518.21;0;2
1519.22;0;2
1520.26;0;3
1521.3;0;1
1522.56;0;1
1523.57;0;1
1525.05;0;1
1526.06;0;1
1527.09;0;3
1528.1;0.01;3
1529.1;0.01;2
1530.18;0;2
1531.19;0;3
1532.2;0;1
1533.24;0.01;3
1534.26;0;2
1535.35;0;4
1536.37;0;2
1537.44;0;2
1538.52;0;1
1541.68;0;1
1542.73;0.01;2
1543.77;0.01;5
1544.77;0;2
1546.07;0;1
1547.08;0.01;2
1551.83;0.01;1
1554.08;0;1
1555.22;0;1
1556.23;0;1
1557.71;0.01;1
1558.72;0;1
1559.73;0;2
1560.75;0;3
1561.77;0.01;2
1562.8;0;3
1563.83;0;3
1564.85;0;1
1565.86;0;4
1566.86;0.01;4
1567.87;0;2
1568.9;0;3
1569.92;0;1
1570.94;0;3
1571.99;0;3
1573.02;0;2
1574.12;0;1
1575.16;0.01;3
1576.16;0.01;5
1577.2;0;3
1578.21;0;1
1579.37;0;1
1583.37;0;1
1584.37;0;1
1585.49;0;2
1586.49;0;3
1587.51;0.01;3
1588.51;0;2
1589.55;0;3
1590.55;0;1
1591.58;0;2
1592.59;0;2
1593.64;0.01;4
1594.66;0;1
1595.67;0;3
1597.22;0;1
1599.37;0;1
1600.37;0.01;2
1601.41;0.01;4
1604.91;0;2
1606.01;0;3
1607.04;0;3
1608.1;0;1
1609.13;0;2
1610.21;0;2
1611.24;0.01;2
1612.24;0;1
1614.83;0;2
1615.89;0;1
1616.95;0;2
1617.98;0;2
1618.99;0;3
1620.01;0;3
1621.02;0;1
1622.06;0;3
1623.06;0;3
1624.08;0;4
1625.1;0;3
1626.1;0;3
1627.1;0;2
1628.1;0;2
1629.1;0;1
1630.11;0;1
1631.13;0;1
1632.15;0;1
1633.18;0;2
1634.24;0;4
1635.42;0;2
1636.44;0;2
1637.49;0;3
1638.49;0.01;4
1641.49;0;1
1642.53;0.01;2
1644.74;0;1
1647.33;0;1
1650.13;0;1
1651.16;0;1
1652.19;0;2
1653.27;0;2
1654.36;0;2
1655.4;0;2
1656.43;0;1
1657.46;0.01;3
1658.53;0;2
1659.55;0;2
1660.58;0;1
1661.61;0;1
1662.61;0.02;3
1663.86;0;1
1665.14;0;1
1666.14;0.01;2
1667.18;0;2
1668.18;0;1
1669.19;0;4
1670.58;0;1
1671.59;0.01;4
1672.63;0;1
1673.63;0;2
1674.67;0;2
1675.68;0;1
1676.72;0;1
1677.76;0.01;3
1678.81;0;2
1679.84;0;2
1680.84;0;3
1681.86;0;2
1682.88;0;2
1683.91;0.01;3
1684.93;0;2
1686.02;0;1
1687.04;0.01;3
1689.35;0;1
1690.35;0;1
1691.37;0;1
1692.6;0;1
1693.6;0;1
1694.63;0;2
1695.64;0;4
1696.69;0.01;4
1697.73;0;1
1699.13;0;1
1700.13;0;3
1701.31;0;2
1702.36;0.01;2
1703.36;0;3
1704.37;0;1
1705.4;0;1
1706.44;0;2
1708.75;0.01;1
1709.77;0;2
1710.8;0;3
1711.8;0;1
1712.84;0.01;3
1713.87;0;2
1714.89;0;1
1715.93;0;1
1717.62;0;1
1718.63;0.01;2
1719.64;0;3
1720.89;0;2
1721.92;0;2
1722.95;0;2
1723.95;0;1
1724.95;0;2
1725.96;0.01;4
1727;0.01;4
1728.04;0;2
1729.08;0;3
1730.09;0;4
1731.14;0;4
1732.18;0;4
1733.18;0;5
1734.22;0;2
1735.42;0;1
1736.47;0;5
1738.27;0;1
1739.31;0.01;5
1740.31;0;1
1741.31;0;1
1742.39;0;2
1743.44;0;3
1744.46;0;4
1745.49;0;3
1746.49;0;3
1747.53;0.01;3
1748.66;0;1
1749.69;0;2
1750.7;0.01;7
1751.74;0;5
1752.77;0.01;6
1753.79;0.01;6
1754.79;0;3
1755.79;0;3
1756.86;0.01;2
1757.86;0;2
1759.31;0;1
1760.65;0;1
1761.65;0;2
1762.68;0;1
1763.7;0;2
1767.56;0;1
1768.57;0;3
1769.61;0;2
1770.62;0;1
1771.65;0;1
1772.68;0;2
1773.75;0;2
1774.9;0;1
1775.95;0;2
1776.99;0;1
1778.02;0;2
1779.06;0;1
1780.08;0;1
1781.09;0;3
1782.16;0;2
1783.26;0;2
1784.32;0;4
1785.7;0;1
1786.74;0;2
1787.77;0.01;4
1788.86;0;2
1789.9;0;3
1790.91;0;4
1791.94;0;1
1792.95;0;1
1793.95;0;2
1794.96;0;3
1796;0;2
1797.03;0;1
1798.04;0.01;5
1799.08;0;4
1800.12;0;4
1801.12;0;4
1802.15;0;3
1803.17;0;4
1804.21;0.01;4
1805.21;0;3
1806.3;0.01;5
1807.3;0;3
1808.35;0.01;5
1809.35;0;2
1810.44;0;2
1811.48;0;3
1812.51;0;3
1813.51;0;5
1814.53;0;3
1815.56;0;5
1816.61;0;3
1817.61;0.01;5
1818.69;0;2
1819.69;0;6
1820.74;0;4
1821.76;0.03;4
1822.77;0.01;3
1823.8;0;1
1824.81;0.01;4
1826.15;0;1
1827.22;0.01;2
1828.24;0.01;5
1829.26;0.01;4
1830.28;0;2
1831.3;0;4
1832.31;0.01;5
1833.35;0;4
1834.38;0;3
1835.45;0.01;4
1836.49;0;4
1837.5;0.01;6
1838.53;0;2
1839.65;0;2
1840.67;0;4
1841.7;0;2
1842.72;0;2
1843.81;0;4
1844.81;0;3
1845.81;0;2
1847.02;0;1
1848.03;0.01;4
1849.08;0;2
1850.11;0;4
1851.11;0;4
1852.12;0;4
1853.16;0.01;4
1854.16;0;1
1855.17;0;2
1856.2;0.01;3
1857.22;0;2
1858.27;0;1
1859.35;0;1
1860.65;0;1
1861.69;0;2
1862.69;0;3
1863.71;0;1
1864.73;0;3
1865.74;0;1
1866.77;0;2
1867.78;0;1
1868.81;0;5
1869.83;0;4
1870.86;0;3
1871.86;0.01;4
1872.9;0;4
1873.95;0;2
1874.96;0;5
1875.98;0.01;5
1877.02;0;1
1878.05;0;1
1879.07;0;2
1880.1;0.01;3
1881.11;0;2
1882.11;0;4
1883.14;0.02;4
1884.17;0;4
1885.18;0;2
1886.21;0;1
1887.24;0;2
1888.28;0;2
1889.31;0;5
1890.33;0;3
1891.36;0;5
1892.38;0;4
1893.41;0;1
1894.41;0;3
1895.72;0;1
1898.15;0;1
1899.17;0;2
1900.17;0;2
1901.18;0;2
1902.18;0;1
1903.18;0;2
1904.23;0;2
1905.23;0;1
1906.25;0;4
1907.27;0;1
1908.3;0;1
1910;0.01;2
1912.33;0;1
1913.37;0;2
1914.41;0;2
1915.41;0;1
1916.44;0;1
1917.48;0;3
1918.54;0;1
1919.63;0;4
1920.76;0;2
1921.83;0;1
1922.85;0;3
1923.87;0;2
1924.94;0.01;3
1926.01;0;2
1927.27;0.01;3
1928.38;0;1
1930.4;0;1
1931.41;0;2
1934.98;0;1
1935.98;0;2
1937.01;0.01;2
1938.06;0;2
1939.09;0.01;4
1940.09;0;3
1941.11;0;5
1942.14;0;1
1943.18;0.01;1
1944.2;0;2
1945.22;0;1
1946.54;0.02;2
1947.58;0;2
1948.62;0;1
1951.96;0;1
1952.99;0;2
1953.99;0;2
1955.03;0;2
1956.03;0;1
1957.04;0;3
1958.04;0;2
1959.71;0;1
1960.75;0;1
1961.78;0.02;3
1962.79;0;2
1963.98;0;2
1965.54;0;1
1966.55;0;3
1967.63;0;2
1968.66;0;2
1969.66;0;2
1970.67;0;1
1971.68;0.01;5
1974.29;0;1
1975.73;0;1
1976.74;0;1
1977.83;0;1
1978.94;0;3
1980;0.01;3
1981;0;2
1982.04;0;2
1983.05;0;2
1985.85;0;1
1987.74;0;1
1988.76;0;1
1989.86;0;4
1990.86;0;4
1991.89;0;1
1993.11;0;2
1994.14;0;1
1995.17;0;2
1996.17;0;3
1997.22;0;2
1999.64;0;1
2000.68;0;1
2004.22;0;1
2005.26;0;1
2006.26;0;3
2007.26;0;1
2008.31;0;3
2009.32;0;2
2010.34;0.01;3
2011.35;0;3
2012.43;0;2
2013.44;0;1
2014.47;0;2
2015.47;0.01;3
2016.47;0;1
2017.48;0;3
2018.52;0;2
2019.55;0;3
2020.61;0.01;3
2021.68;0;2
2022.69;0;1
2023.7;0;1
2024.72;0;1
2025.76;0.01;4
2026.78;0;1
2028.43;0;1
2029.45;0;2
2030.47;0;1
2031.49;0;1
2032.5;0;2
2033.74;0;1
2034.86;0;1
2035.97;0;1
2036.98;0;2
2037.98;0;4
2038.98;0;2
2040.03;0.01;5
2041.05;0;3
2042.06;0;2
2043.07;0.01;6
2044.09;0;3
2045.1;0;3
2046.1;0;5
2047.1;0;2
2048.12;0;3
2049.19;0;3
2050.24;0;3
2051.26;0;2
2052.28;0;3
2053.29;0;3
2054.33;0;3
2055.36;0.01;3
2056.37;0;2
2057.51;0.01;5
2058.72;0;2
2059.74;0;3
2060.77;0;1
2061.8;0;2
2063.09;0;1
2064.11;0;3
2065.96;0;1
2067.03;0;1
2068.04;0;1
2069.07;0;2
2070.09;0;2
2071.09;0;2
2072.13;0;1
2073.14;0.01;3
2074.16;0;6
2075.2;0;2
2076.21;0;3
2077.24;0;1
2078.26;0.01;3
2080.04;0;1
2081.09;0;2
2082.13;0.01;1
2083.62;0;1
2084.77;0;1
2085.8;0;3
2086.92;0;2
2087.94;0;1
2088.94;0;3
2089.94;0;2
2091.43;0;1
2092.63;0;1
2093.99;0;1
2094.99;0.01;6
2096.01;0;3
2097.03;0;1
2098.08;0;2
2099.09;0;1
2100.15;0;2
2101.67;0;1
2102.67;0;1
2105.02;0;1
2106.11;0;3
2107.16;0;1
2108.16;0;1
2109.27;0;3
2110.29;0;2
2111.32;0;2
2112.35;0;2
2113.56;0;4
2114.6;0;2
2115.62;0.01;4
2116.78;0;2
2118.29;0;2
2119.32;0;2
2120.57;0;2
2121.57;0;2
2123.18;0;1
2124.6;0;1
2125.6;0;1
2126.63;0;1
2127.64;0.02;3
2128.74;0;2
2129.77;0;3
2130.88;0;2
2131.99;0.01;3
2133.06;0;3
2134.08;0;4
2135.12;0;5
2136.12;0.01;5
2137.15;0;1
2138.35;0;2
2139.41;0.01;2
2140.48;0;2
2141.5;0;2
2142.53;0;2
2143.57;0;4
2144.57;0;2
2145.65;0;1
2146.73;0;1
2147.77;0;1
2148.87;0;3
2149.88;0;2
2150.9;0.01;2
2151.9;0.01;3
2152.95;0.01;2
2154.08;0;1
2155.35;0;1
2156.36;0;1
2157.47;0;1
2158.56;0;2
2159.56;0.02;3
2160.6;0;4
2161.66;0.01;4
2162.68;0;5
2163.71;0;3
2164.75;0.01;4
2165.77;0;3
2166.8;0.01;5
2167.82;0;1
2168.82;0;1
2169.85;0;4
2170.87;0;2
2171.89;0;2
2172.91;0;1
2173.92;0;1
2174.93;0;1
2175.95;0;3
2176.95;0;2
2177.95;0;4
2179;0.01;6
2180.03;0;5
2181.04;0;4
2182.04;0;3
2183.04;0;4
2184.08;0;6
2185.08;0;4
2186.13;0;4
2187.17;0.01;4
2188.22;0.01;6
2189.22;0.01;2
2190.25;0;3
2191.36;0;3
2192.43;0;4
2193.49;0;3
2194.52;0.02;4
2195.55;0;4
2196.55;0;2
2197.55;0;3
2198.55;0.01;4
2199.59;0;2
2200.6;0.01;3
2201.62;0;1
2202.64;0;1
2203.88;0;1
2204.9;0.01;6
2205.92;0;3
2207;0.01;3
2208.01;0.01;4
2209.03;0;1
2210.69;0;1
2211.7;0.01;3
2212.8;0;1
2213.9;0;1
2215.29;0;1
2216.29;0;1
2217.33;0;2
2218.35;0;1
2219.39;0;1
2220.4;0;2
2221.4;0.01;3
2222.43;0;1
2223.47;0.01;3
2224.47;0;2
2225.58;0;4
2226.61;0;6
2227.63;0;2
2228.65;0;4
2229.71;0;3
2230.78;0.01;3
2231.83;0.01;2
2232.83;0.01;1
2233.87;0.01;4
2234.92;0.01;2
2235.92;0.01;2
2236.96;0;2
2237.97;0;3
2239;0.01;3
2241.8;0;1
2242.87;0;2
2243.87;0;2
2244.92;0.01;4
2245.96;0;5
2246.98;0.01;4
2248;0;2
2249.05;0;2
2250.05;0;2
2251.43;0.01;1
2252.44;0.02;3
2253.46;0;2
2254.48;0;2
2255.51;0.01;2
2256.51;0;2
2259.22;0;1
2260.22;0;2
2261.25;0;1
2262.39;0;2
2263.6;0;1
2264.68;0;2
2265.75;0;1
2266.75;0;2
2267.97;0;1
2269.17;0;1
2271.31;0;1
2272.35;0;2
2274.22;0;1
2275.23;0;3
2276.44;0;1
2277.48;0.01;4
2278.48;0;2
2279.48;0;1
2280.53;0;3
2281.53;0.01;2
2283.35;0;1
2284.43;0;3
2285.49;0;2
2286.52;0;2
2287.53;0;2
2288.72;0;1
2289.84;0;1
2290.85;0;1
2291.9;0;2
2292.9;0;1
2293.94;0;1
2294.94;0;3
2295.97;0;3
2297.18;0;1
2298.22;0.01;3
2299.22;0.01;4
2300.22;0;4
2301.26;0;2
2302.3;0;2
2303.34;0;3
2304.39;0;4
2305.46;0.01;3
2306.47;0.01;3
2307.53;0;1
2308.56;0;2
2309.56;0;2
2310.57;0;1
2311.63;0;1
2312.94;0;1
2314.02;0;1
2315.04;0;1
2316.1;0;1
2317.13;0;2
2318.88;0;1
2320;0;1
2321.09;0.01;3
2322.1;0;2
2323.13;0;3
2324.14;0.01;5
2325.14;0;1
2326.15;0;3
2327.3;0;2
2328.34;0;1
2329.45;0;1
2330.56;0;1
2331.6;0;1
2332.63;0;1
2334.18;0;1
2335.19;0;2
2336.25;0;2
2337.27;0.01;3
2338.81;0;1
2339.84;0;1
2340.84;0;1
2341.84;0;2
2342.89;0.01;3
2344.45;0;1
2345.48;0;2
2346.62;0.01;4
2347.77;0;1
2348.78;0;2
2350.15;0;1
2351.19;0;1
2352.19;0;3
2353.23;0;3
2354.45;0;2
2355.48;0;2
2356.76;0.02;3
2357.79;0;2
2358.79;0;2
2359.83;0;3
2361.48;0;1
2362.49;0;1
2363.5;0;2
2364.58;0;1
2366.21;0;1
2367.58;0.02;1
2368.58;0;2
2369.65;0;1
2370.73;0.01;4
2371.83;0;2
2372.87;0;2
2373.89;0;3
2374.91;0;1
2375.94;0;1
2376.96;0;1
2378.53;0;1
2379.54;0;3
2380.54;0;2
2381.54;0;3
2383;0;1
2384.04;0;3
2385.07;0.01;3
2386.08;0;3
2387.09;0;3
2388.09;0;3
2389.13;0;4
2390.15;0;2
2391.21;0.01;5
2392.21;0;1
2393.25;0;1
2394.46;0;2
2395.47;0.02;2
2396.5;0;2
2397.5;0.01;1
2398.54;0;1
2399.55;0;1
2400.59;0;3
2401.84;0;4
2402.84;0;5
2403.87;0;4
2404.87;0.02;6
2405.87;0;5
2406.87;0;3
2407.92;0;4
2408.95;0;3
2409.96;0;2
2411;0;2
2412;0;3
2413.01;0;3
2414.01;0;3
2415.04;0;6
2416.08;0;4
2417.1;0;5
2418.12;0.01;6
2419.12;0;2
2420.28;0;2
2421.49;0.01;1
2422.54;0;2
2423.56;0;1
2424.59;0;2
2425.59;0;1
2426.62;0;3
2427.65;0;2
2428.69;0;1
2429.72;0;2
2430.77;0;2
2431.81;0;1
2432.83;0;2
2433.87;0;1
2434.9;0;3
2435.98;0;1
2437.06;0.01;2
2438.07;0.01;2
2439.14;0;1
2440.14;0;1
2441.16;0;1
2442.24;0;1
2443.32;0;1
2444.49;0;1
2445.69;0.01;3
2446.7;0;4
2447.73;0;2
2448.82;0;3
2449.83;0;1
2450.96;0;3
2454.36;0.01;1
2455.84;0;1
2456.85;0;3
2457.87;0;4
2458.89;0;4
2459.92;0;5
2460.92;0;2
2461.93;0.01;4
2462.97;0;2
2463.98;0.01;3
2465.03;0.01;3
2466.05;0.01;4
2467.07;0;1
2468.11;0;4
2469.11;0.01;6
2470.12;0;3
2471.15;0.01;6
2472.15;0;3
2473.2;0;1
2474.2;0;1
2475.31;0;2
2476.38;0;2
2477.44;0.01;3
2479.55;0;1
2481.33;0;1
2482.35;0;2
2483.39;0;2
2485.32;0;1
2486.34;0;3
2487.45;0;2
2488.46;0;1
2490.46;0;1
2491.46;0.01;2
2492.51;0;7
2493.53;0;1
2494.55;0;3
2495.56;0;2
2496.56;0;1
2497.58;0;1
2498.61;0.01;2
2499.64;0;2
2500.65;0.01;2
2501.7;0.01;3
2502.84;0;2
2504.35;0;1
2505.4;0;1
2506.44;0.01;3
2507.48;0;3
2508.52;0;3
2509.7;0.01;3
2510.73;0;3
2511.74;0.01;2
2512.83;0;2
2513.87;0;3
2514.87;0;2
2516.1;0;3
2517.15;0;4
2518.19;0.01;6
2519.19;0;3
2520.23;0;3
2521.26;0.01;4
2522.28;0;3
2523.28;0;1
2524.31;0;2
2525.33;0;4
2526.37;0;1
2527.39;0;3
2528.95;0;1
2530.61;0;1
2531.67;0;1
2532.72;0;2
2533.76;0;2
2534.78;0;2
2535.86;0.01;3
2536.89;0.01;6
2538.04;0;1
2539.05;0.01;2
2540.09;0;1
2541.53;0.01;1
2543.11;0;1
2544.12;0.01;3
2545.23;0;1
2546.33;0;1
2547.33;0;1
2548.35;0;2
2549.39;0.01;4
2550.69;0.01;1
2551.73;0.01;3
2552.76;0;3
2553.82;0;1
2554.82;0;1
2555.86;0;2
2556.89;0;2
2557.91;0.01;3
2558.93;0;1
2560;0;2
2561.04;0;3
2562.08;0;2
2563.13;0;1
2564.15;0.01;5
2565.15;0;3
2566.16;0;2
2567.19;0.04;5
2568.22;0;5
2569.24;0;6
2570.28;0.01;5
2571.33;0;3
2572.37;0;2
2573.38;0;4
2574.54;0;1
2575.55;0.01;4
2576.56;0;4
2577.59;0;5
2578.59;0;5
2579.65;0;5
2580.69;0;3
2581.69;0;2
2582.7;0.01;5
2583.7;0;6
2584.75;0;5
2585.77;0;3
2586.79;0;4
2587.83;0.01;9
2588.87;0.01;5
2589.91;0;4
2590.91;0.01;3
2591.95;0;2
2592.98;0;1
2593.98;0;1
2595.02;0;3
2596.04;0;2
2597.06;0;5
2598.06;0.01;6
2599.1;0;4
2600.15;0;3
2601.16;0;5
2602.2;0;3
2603.2;0;2
2604.29;0;1
2605.34;0;2
2606.42;0;3
2607.43;0;1
2609.33;0;1
2610.52;0;2
2611.62;0;2
2612.65;0;2
2613.68;0;2
2614.68;0.01;2
2615.71;0.01;3
2616.72;0.01;5
2617.77;0;2
2618.77;0;3
2619.8;0;1
2620.81;0;1
2621.85;0.01;3
2622.85;0;2
2623.86;0;1
2624.89;0.02;3
2625.92;0.01;3
2626.92;0;1
2627.94;0;2
2628.95;0;3
2629.95;0;3
2631;0;2
2632.03;0;2
2633.03;0;4
2634.05;0;2
2635.07;0;2
2636.07;0;2
2637.07;0;1
2638.14;0;1
2640.51;0;1
2641.51;0;2
2642.56;0.01;2
2644.27;0;1
2645.3;0;1
2646.34;0;1
2647.35;0.01;3
2648.35;0;2
2649.36;0;1
2650.39;0;2
2651.43;0.01;2
2652.44;0.01;3
2653.47;0;4
2654.49;0;3
2655.53;0.02;6
2656.57;0.01;5
2657.6;0.01;4
2658.69;0;3
2659.7;0;2
2660.76;0.01;2
2661.76;0;1
2663.66;0;1
2666.85;0;1
2667.89;0;1
2668.91;0;2
2670.05;0;1
2671.24;0;2
2673.06;0;1
2674.08;0;1
2675.12;0;1
2676.24;0;2
2677.28;0;1
2678.28;0;2
2679.31;0.01;3
2680.36;0.01;4
2682.51;0;1
2683.73;0.01;3
2684.74;0;2
2685.77;0;1
2686.82;0;1
2687.94;0.01;4
2688.95;0;2
2691.49;0.01;1
2692.58;0;1
2693.59;0;2
2694.62;0;2
2695.93;0;2
2696.93;0;2
2697.94;0;3
2698.95;0;4
2700;0;2
2701.04;0;2
2702.07;0.01;4
2703.24;0;1
2704.26;0;1
2706.3;0;1
2708.37;0;1
2710.85;0;1
2711.86;0;3
2712.88;0;1
2713.98;0;1
2715.08;0;1
2716.21;0;1
2717.33;0;1
2718.34;0;1
2719.46;0;1
2721.25;0;2
2722.84;0;1
2724.3;0;1
2725.34;0;1
2726.38;0;1
2727.42;0;1
2728.46;0;1
2730.18;0;1
2731.3;0;3
2732.34;0.01;4
2733.41;0;1
2734.43;0;2
2735.43;0;1
2736.51;0;1
2737.51;0;1
2738.52;0;1
2739.6;0;1
2740.61;0;3
2741.62;0;2
2742.71;0;1
2743.8;0;1
2744.98;0;1
2746.08;0;1
2747.09;0;4
2748.22;0;1
2749.26;0;1
2750.27;0;1
2751.42;0;1
2752.44;0;2
2753.44;0.01;3
2754.48;0;1
2755.53;0;1
2756.55;0;2
2757.59;0;1
2758.61;0;2
2759.65;0;1
2761.62;0;2
2762.66;0;2
2763.84;0;1
2764.89;0;1
2765.89;0;3
2766.89;0.01;2
2769.89;0;1
2770.94;0;1
2772.07;0;1
2773.08;0;1
2774.16;0;2
2776.16;0;1
2777.18;0;1
2778.21;0;3
2779.26;0.01;3
2780.26;0.01;3
2781.38;0;1
2782.38;0;1
2783.54;0;1
2784.64;0;1
2785.69;0;1
2788.93;0;1
2789.96;0;1
2790.99;0;1
2792.01;0;2
2793.05;0;1
2794.11;0;1
2795.14;0;1
2796.24;0;1
2797.38;0;3
2798.38;0;3
2799.39;0;3
2800.39;0;2
2801.44;0;2
2802.48;0;3
2803.53;0;4
2804.56;0;1
2805.62;0;1
2807.65;0;1
2808.66;0;2
2809.74;0;2
2812.65;0;1
2813.66;0;2
2814.84;0;1
2815.95;0;1
2817.08;0;2
2818.09;0.01;2
2819.12;0;1
2820.14;0;3
2821.14;0;3
2822.17;0;2
2823.19;0.01;3
2824.2;0;1
2825.22;0;2
2826.26;0;3
2827.3;0.01;2
2828.32;0;2
2829.35;0;2
2830.35;0;1
2831.56;0;2
2832.64;0;1
2837.48;0;1
2839.27;0;1
2840.3;0;1
2841.32;0;2
2842.35;0;1
2843.4;0;1
2844.41;0;1
2848.48;0;1
2849.5;0;4
2850.52;0;2
2851.62;0;1
2852.81;0;1
2853.85;0;2
2854.89;0;1
2858.25;0;1
2859.32;0;2
2860.68;0;2
2861.77;0;2
2862.78;0;2
2863.82;0.01;3
2864.82;0;2
2865.86;0;1
2869.73;0;1
2870.86;0;1
2871.87;0;3
2872.87;0;1
2873.91;0;2
2874.91;0;1
2875.95;0;2
2876.96;0;1
2878.28;0;1
2879.85;0;1
2880.9;0;1
2881.94;0;1
2882.95;0;1
2883.95;0;2
2884.99;0;1
2885.99;0;5
2887.03;0;1
2889.58;0;1
2890.71;0;1
2893.26;0;1
2894.45;0.01;2
2895.45;0;2
2896.46;0;2
2897.5;0;1
2901.64;0;1
2902.73;0;2
2904.2;0;1
2905.24;0;2
2906.27;0;1
2909.94;0;1
2913.07;0;1
2914.1;0;2
2915.19;0.01;2
2916.23;0;1
2917.45;0;1
2920.03;0;1
2921.04;0;1
2922.08;0;1
2924.06;0;1
2926.51;0;1
2929.24;0;1
2935.31;0;1
2936.32;0;2
2937.35;0;1
2938.36;0;1
2940.22;0;1
2941.23;0;1
2942.31;0;1
2943.73;0;1
2944.77;0;1
2945.77;0;1
2946.77;0;1
2947.98;0;1
2948.99;0;2
2951.41;0;1
2953.5;0;1
2954.53;0;1
2956.77;0;1
2957.86;0;1
2958.91;0;1
2960;0;1
2961.63;0;1
2962.77;0;1
2963.77;0;1
2964.77;0;1
2966.32;0;1
2967.41;0;1
2968.44;0;2
2969.44;0;2
2970.44;0;1
2971.46;0;2
2972.5;0;2
2973.53;0;1
2974.53;0;2
2975.62;0;1
2976.76;0;1
2978.49;0;1
2982.34;0;1
2984.16;0;1
2985.49;0;1
2986.51;0;2
2987.58;0;1
2989.8;0;1
2990.95;0;1
2994.22;0;1
2995.34;0;1
2999.5;0;1
3001.46;0;1
3002.47;0;1
3003.6;0;1
3004.62;0;2
3005.65;0;1
3006.68;0;1
3007.69;0;1
3008.82;0;1
3009.9;0;1
3011.17;0;1
3012.27;0;1
3013.34;0;1
3016.81;0;1
3018.7;0;1
3019.73;0.01;4
3020.75;0.01;4
3021.76;0;1
3022.76;0;1
3023.78;0;3
3026.71;0;1
3028.07;0;1
3030.94;0;1
3032.06;0;1
3034.19;0;1
3035.33;0;1
3036.35;0;1
3037.41;0;1
3038.57;0;1
3042.88;0;1
3043.92;0;1
3044.94;0;2
3045.97;0;1
3049.07;0;1
3050.08;0.02;1
3053.34;0;1
3054.62;0;1
3055.63;0;1
3061.99;0;1
3063.03;0;2
3064.07;0;2
3066.61;0;1
3067.66;0.01;2
3068.66;0;1
3069.69;0;1
3070.97;0;1
3073.47;0;1
3074.69;0;2
3075.69;0;2
3076.7;0;1
3077.73;0;2
3078.73;0;2
3079.73;0;4
3080.78;0;2
3081.79;0;3
3082.82;0;2
3083.82;0;1
3087.47;0;1
3088.49;0;2
3089.52;0;2
3090.52;0;1
3091.53;0;1
3092.53;0;2
3093.53;0;1
3094.62;0.01;3
3095.63;0;2
3096.68;0;2
3097.71;0;2
3098.76;0;4
3099.76;0;2
3100.76;0;3
3101.92;0;1
3102.93;0.01;4
3103.98;0;2
3104.99;0;3
3106.02;0;2
3107.05;0;3
3108.05;0;1
3109.07;0;1
3110.1;0;2
3111.11;0;3
3112.14;0.02;2
3113.14;0;1
3114.16;0;2
3118.86;0;1
3119.89;0;1
3121.02;0;1
3122.55;0;1
3123.58;0;2
3124.6;0;1
3129.56;0;1
3130.6;0.01;3
3131.64;0;2
3132.73;0;1
3133.77;0;1
3134.78;0;1
3135.82;0;1
3136.82;0;2
3137.9;0;2
3138.97;0;2
3140;0;1
3141.02;0;3
3142.06;0;2
3143.07;0;2
3144.15;0;1
3145.2;0;1
3146.24;0;2
3147.28;0;2
3148.29;0;1
3149.37;0;1
3152.49;0;1
3153.54;0;2
3156.77;0;1
3157.81;0;2
3158.84;0;3
3159.87;0.01;3
3160.89;0;2
3161.91;0;3
3162.91;0;2
3163.92;0;1
3164.96;0;2
3165.98;0;2
3167.06;0;1
3168.07;0;1
3169.07;0;1
3170.11;0;2
3171.11;0;1
3172.31;0;1
3174.96;0;1
3176.03;0;1
3177.04;0;3
3179.35;0;1
3180.85;0;1
3182.93;0;1
3184.64;0;1
3185.83;0;1
3187.06;0;1
3189.12;0;1
3190.16;0.01;4
3191.16;0;1
3192.23;0;3
3193.27;0;2
3196.45;0;1
3197.6;0;2
3198.64;0;2
3199.66;0.01;3
3202.13;0;2
3203.17;0;1
3206.63;0;1
3212.79;0;1
3213.79;0;2
3214.81;0;1
3216.44;0;1
3219.13;0;1
3222.29;0;1
3223.31;0;2
3224.32;0;1
3225.32;0;1
3227.83;0;1
3229.13;0;1
3230.15;0.01;3
3231.17;0;1
3232.24;0;1
3233.3;0;1
3234.35;0;2
3235.38;0;1
3236.38;0;1
3239.94;0;1
3241.22;0;2
3242.24;0;1
3243.31;0.01;2
3244.34;0;1
3246.08;0;1
3248.11;0;1
3250.27;0;1
3251.44;0;1
3252.48;0;1
3254.31;0;1
3256.32;0;1
3257.35;0;1
3258.37;0;1
3259.55;0;1
3260.64;0;2
3261.66;0;2
3262.67;0;3
3263.68;0;4
3264.68;0;2
3265.73;0;3
3266.77;0.01;3
3267.81;0;1
3268.85;0;2
3269.88;0;2
3270.88;0;3
3271.88;0;1
3272.92;0;2
3273.97;0;3
3274.98;0;5
3275.98;0;2
3276.98;0;2
3278.01;0;4
3279.01;0;1
3280.04;0;2
3281.05;0;1
3282.09;0;1
3283.09;0;2
3284.09;0;3
3285.13;0;2
3288.63;0;1
3290.32;0;1
3291.41;0;1
3292.47;0;1
3293.48;0;2
3294.52;0;2
3295.74;0;1
3296.76;0;2
3297.79;0;1
3299.48;0;1
3300.73;0;3
3301.74;0.01;2
3302.75;0;1
3304.06;0;1
3306.53;0;1
3307.53;0;1
3308.58;0.01;5
3309.62;0;1
3315.25;0;1
3318.25;0;1
3319.26;0;1
3320.29;0;1
3323.75;0;1
3324.78;0;3
3325.9;0;1
3328.53;0;1
3330.16;0;1
3331.25;0;1
3332.26;0;1
3333.29;0;1
3334.3;0;1
3335.34;0;1
3339.08;0;1
3340.29;0;2
3347.25;0;1
3348.29;0;1
3349.54;0;1
3350.57;0;1
3352.81;0;1
3353.88;0;1
3354.92;0;1
3356.29;0;1
3357.48;0;2
3358.52;0;1
3359.52;0;1
3363.98;0;1
3365.01;0;1
3378.44;0;1
3382.49;0;1
3383.53;0;1
3384.55;0;3
3385.8;0;1
3386.82;0;1
3388.36;0;1
3389.39;0;1
3390.4;0;1
3391.43;0;1
3393.45;0;1
3397.06;0;1
3398.31;0;1
3399.4;0;1
3402.82;0;1
3405.4;0;1
3409.56;0;1
3410.78;0;1
3411.91;0;3
3412.98;0;1
3413.98;0.01;3
3415.02;0;1
3418.61;0;1
3421.05;0;1
3422.08;0;2
3424.86;0;1
3425.91;0.01;2
3427.58;0;1
3428.61;0;1
3429.62;0;2
3430.74;0;1
3431.75;0;1
3432.81;0;1
3433.97;0;2
3435.01;0;1
3436.04;0;2
3437.06;0;2
3438.08;0;1
3439.1;0;1
3440.14;0;2
3441.14;0;2
3442.14;0;1
3443.18;0;1
3451.76;0;1
3457.69;0;2
3458.83;0;1
3461.98;0;1
3464.2;0;1
3465.23;0;2
3466.32;0;1
3467.39;0;1
3468.65;0;1
3470.23;0;1
3471.5;0;1
3472.52;0;1
3480.81;0;1
3482.03;0;1
3483.64;0;1
3485.51;0;1
3486.54;0;1
3488.11;0;1
3493.94;0;1
3495.05;0;1
3496.12;0;1
3497.19;0;1
3498.2;0;1
3499.31;0;1
3500.72;0;1
3501.94;0;1
3503.03;0;1
3509.21;0;1
3510.25;0;1
3511.25;0;1
3512.51;0;1
3513.53;0.01;2
3514.54;0;1
3515.57;0.01;2
3517.38;0;1
3518.62;0;1
3519.74;0;1
3520.83;0;1
3522.77;0;1
3523.96;0;1
3524.97;0.01;2
3528.59;0;1
3529.63;0;1
3532.28;0;1
3533.53;0;1
3534.66;0.01;2
3537.46;0;1
3538.47;0;1
3541.41;0;1
3542.46;0;1
3549.18;0;1
3550.2;0;1
3553.12;0;1
3554.13;0;1
3555.18;0;1
3556.18;0;2
3557.2;0;1
3559.3;0;1
3560.33;0;3
3562.64;0;2
3564.92;0;1
3566.07;0;1
3567.08;0;1
3568.12;0;1
3569.34;0;1
3570.35;0;1
3571.41;0.01;2
3572.42;0;1
3573.46;0;2
3574.51;0;1
3575.54;0;1
3576.57;0;2
3577.64;0;1
3578.69;0;1
3579.72;0;1
3580.73;0;1
3581.79;0;1
3582.82;0;1
3586.88;0;1
3587.97;0;1
3589.01;0.01;2
3590.32;0;1
3591.34;0;1
3592.38;0;1
3595.64;0;1
3598.29;0;1
3601.02;0;1
3602.19;0;1
3603.86;0;1
3604.95;0.01;3
3608.77;0;1
3619.3;0;1
3620.48;0;1
3621.49;0;1
3622.53;0;1
3623.64;0.01;1
3624.81;0;1
3625.86;0;1
3629.39;0;1
3630.39;0;3
3631.39;0;1
3632.43;0;1
3633.47;0;2
3634.48;0;1
3635.48;0;1
3636.52;0;2
3637.52;0;2
3638.54;0;3
3639.57;0;2
3640.66;0;1
3652.93;0;1
3655.88;0;1
3656.95;0;2
3659.61;0;1
3660.74;0;3
3661.74;0;2
3663.57;0.01;1
3664.61;0;1
3665.89;0;1
3667.13;0;1
3668.13;0;2
3669.15;0;1
3670.15;0.01;2
3671.16;0;1
3672.17;0;1
3673.18;0;1
3674.2;0;1
3675.22;0;2
3676.25;0;1
3677.25;0;1
3678.77;0;1
3681.16;0;1
3682.2;0;1
3684.16;0;1
3686.33;0;1
3688.14;0;1
3689.17;0;1
3692.96;0;1
3694.39;0;1
3695.43;0;1
3696.47;0;1
3697.5;0;1
3698.51;0.01;2
3701.14;0;1
3703.89;0;1
3704.89;0;1
3706.05;0;1
3707.05;0;2
3708.05;0.01;3
3709.05;0;1
3710.14;0;2
3711.14;0;2
3712.18;0;2
3713.23;0;1
3715.69;0;1
3716.73;0;1
3718.73;0;1
3725.06;0;1
3726.27;0;1
3727.73;0;1
3728.81;0;1
3731.34;0;1
3732.36;0;1
3733.41;0;2
3734.97;0;1
3736.97;0;1
3741.81;0;1
3742.84;0;1
3745.26;0;1
3751.64;0;1
3754.48;0;1
3755.64;0;2
3756.65;0;1
3757.8;0;1
3762.48;0;1
3766.54;0;1
3768.22;0;1
3773.31;0;1
3774.46;0.01;1
3777.67;0;1
3781.3;0;1
3782.31;0;1
3783.43;0;2
3784.86;0.01;1
3785.88;0;1
3786.9;0.01;3
3788.26;0;1
3789.55;0;3
3790.63;0;1
3791.85;0;1
3792.89;0.01;2
3793.93;0;1
3794.94;0;2
3795.98;0;1
3796.99;0;1
3798.14;0.01;1
3800.61;0;1
3804.85;0;1
3806.32;0;1
3807.46;0;1
3808.46;0;1
3809.46;0;1
3810.51;0;1
3811.55;0;1
3812.6;0;1
3813.6;0;1
3814.69;0;1
3815.69;0;1
3818.03;0;1
3820.08;0;1
3821.11;0;1
3822.12;0;1
3823.12;0;3
3824.16;0.01;3
3825.18;0;1
3826.2;0;1
3827.21;0;1
3828.25;0;2
3829.3;0.01;3
3830.31;0;2
3833.44;0;1
3835.03;0;1
3836.07;0;1
3837.11;0;3
3838.16;0;2
3839.16;0;2
3840.23;0;1
3841.28;0;1
3842.32;0;2
3843.33;0;1
3844.37;0;1
3845.41;0;1
3846.46;0;2
3847.46;0;2
3848.47;0;3
3849.94;0;1
3850.95;0;1
3852.17;0;2
3855.6;0;1
3856.8;0;1
3859.18;0;1
3862.02;0;1
3863.64;0;1
3866.36;0;2
3867.36;0;2
3868.4;0;1
3870.98;0;1
3871.99;0;2
3872.99;0;1
3874.04;0;1
3875.04;0;1
3876.04;0;1
3877.09;0;1
3878.17;0;1
3879.66;0;1
3880.74;0;1
3881.77;0;1
3882.8;0.01;2
3884.3;0;1
3885.57;0.01;2
3886.59;0;2
3887.62;0;3
3888.64;0;1
3889.74;0;1
3891.15;0;1
3892.15;0;2
3893.22;0;1
3894.26;0;1
3896.52;0;1
3900.68;0;1
3908.81;0;1
3910.04;0;1
3911.16;0;1
3912.19;0;2
3913.45;0;1
3914.48;0;1
3915.72;0;1
3918.2;0;1
3919.28;0;1
3920.36;0;1
3921.39;0;2
3922.53;0.01;3
3923.62;0;1
3927.06;0;1
3930.71;0;1
3931.72;0;2
3932.75;0;1
3933.75;0;1
3934.91;0;1
3935.93;0;1
3941.43;0;1
3942.53;0;2
3943.53;0;2
3944.57;0;3
3945.6;0;2
3946.63;0;3
3947.68;0;1
3950.73;0;1
3953.61;0;1
3954.86;0;1
3955.87;0;2
3960.14;0;1
3961.16;0;1
3962.19;0;2
3964.65;0;1
3967.35;0;1
3968.36;0;1
3969.41;0;1
3970.41;0;1
3971.41;0;1
3976.59;0;1
3977.63;0;2
3984.05;0;1
3985.36;0;1
3986.38;0.01;2
3987.45;0;2
3988.46;0;2
3991.44;0;1
3992.54;0;1
3994.09;0;1
3997.79;0;1
3999.09;0;1
4002.45;0;1
4005.67;0;1
4006.67;0;1
4009.98;0;1
4013.72;0;1
4014.73;0;1
4015.75;0;2
4016.76;0;1
4018.76;0;1
4020.62;0;1
4021.69;0;3
4022.96;0;1
4024.47;0;1
4025.49;0;1
4026.52;0;1
4034.13;0;1
4036.65;0;1
4037.69;0;1
4039.99;0;1
4043.56;0;1
4044.64;0;2
4048.41;0;1
4049.44;0;1
4050.55;0;1
4051.61;0;1
4052.64;0;1
4053.69;0;1
4054.73;0;1
4055.77;0;1
4059.85;0;1
4060.89;0;3
4064.53;0;1
4067.55;0;1
4072.39;0;1
4074.31;0;1
4075.32;0;1
4078.7;0;1
4080.01;0;1
4082.44;0;1
4083.51;0;1
4084.53;0;1
4085.53;0;2
4086.57;0;1
4087.87;0;1
4089.87;0;1
4090.98;0;2
4092.01;0.01;2
4093.04;0.01;2
4094.62;0;1
4096.88;0;1
4097.88;0;1
4100.13;0;1
4106.32;0.01;1
4107.79;0;1
4108.8;0;1
4112.48;0;1
4114.3;0;1
4115.46;0;2
4116.47;0;2
4117.48;0;1
4118.51;0;3
4121.26;0;1
4123.51;0;1
4124.58;0;1
4125.65;0;2
4126.76;0.01;1
4127.8;0;1
4132.85;0;1
4137.33;0.01;1
4138.34;0;1
4141.01;0;1
4142.02;0;1
4143.56;0;1
4144.71;0.01;2
4145.75;0;1
4146.76;0;2
4147.8;0;1
4149.31;0;1
4150.56;0;1
4151.6;0;1
4153.96;0;1
4154.98;0;1
4155.98;0;1
4157;0;3
4159.42;0;1
4163.51;0;1
4165.64;0;1
4166.72;0;1
4167.74;0;1
4168.8;0;2
4169.82;0;1
4170.98;0;2
4173.97;0;1
4175.18;0;1
4176.19;0;2
4181.82;0.01;1
4182.85;0;2
4183.85;0;1
4184.85;0;1
4185.86;0.01;3
4186.86;0;2
4187.89;0;2
4188.89;0;3
4189.89;0;2
4190.89;0;2
4191.9;0;1
4192.98;0;1
4193.98;0.01;3
4194.98;0;1
4195.98;0;2
4196.99;0;2
4198.02;0;3
4199.02;0;2
4202.85;0;1
4206.86;0;1
4208;0;1
4211.11;0;1
4213.71;0;1
4216.12;0;1
4217.16;0;1
4218.28;0.01;3
4219.86;0;1
4220.88;0;2
4221.88;0.01;2
4222.88;0;1
4225.41;0;1
4230.79;0;1
4233.41;0;1
4236.76;0;1
4237.78;0;2
4238.78;0;1
4239.8;0;2
4240.83;0;1
4246;0;1
4247.07;0;3
4248.17;0;1
4249.83;0;1
4253.88;0;1
4254.99;0;1
4256.01;0;1
4257.07;0;1
4258.08;0;1
4259.12;0;2
4261.16;0;1
4262.71;0;1
4263.73;0;1
4264.76;0;1
4267.12;0;1
4274.5;0;1
4275.51;0;1
4276.51;0;1
4277.55;0;3
4278.59;0;2
4279.64;0;2
4280.68;0;2
4281.72;0;1
4282.76;0;2
4283.8;0.01;2
4284.8;0;1
4285.82;0;2
4286.82;0;2
4287.86;0;2
4288.91;0;1
4289.94;0;1
4290.95;0;1
4291.98;0;1
4292.99;0;1
4294.04;0;2
4295.09;0;1
4296.11;0;1
4297.12;0;2
4298.22;0;1
4299.64;0;1
4305.36;0;1
4306.37;0;1
4307.39;0;1
4310.71;0;1
4311.73;0;2
4314.4;0;1
4315.46;0;4
4316.48;0;1
4317.59;0;2
4318.62;0;2
4319.76;0;2
4320.77;0;1
4321.8;0;2
4323.46;0;1
4325.19;0;1
4326.22;0;1
4327.35;0;2
4328.42;0;1
4329.67;0;1
4332.48;0;1
4333.56;0;1
4335.09;0.01;1
4340.94;0;1
4342.34;0;1
4345.71;0;1
4346.71;0;1
4347.97;0;1
4349;0;1
4350.04;0;3
4351.2;0;1
4352.45;0;1
4353.75;0;1
4354.84;0;1
4355.89;0;1
4360.75;0;1
4362.92;0;1
4364.01;0;1
4365.12;0;1
4368.67;0;1
4370.96;0;1
4371.99;0;3
4374.04;0;1
4376.79;0;1
4379.13;0;1
4380.16;0;1
4381.16;0;2
4382.92;0;1
4383.93;0;2
4384.96;0;1
4386.16;0;1
4392.63;0;1
4394.42;0;1
4395.45;0;1
4396.91;0;1
4397.94;0;2
4398.96;0;1
4400.46;0;1
4401.46;0;1
4403.29;0;2
4404.54;0;1
4405.55;0;1
4406.56;0.01;3
4407.56;0;1
4408.69;0;1
4409.71;0;1
4410.96;0;1
4412.16;0;1
4413.17;0;2
4414.19;0;2
4415.19;0;2
4417.12;0;2
4421.88;0;1
4423.19;0;1
4425.79;0;1
4426.82;0;1
4428;0.01;2
4429.08;0;1
4430.1;0;2
4431.14;0;1
4432.29;0;1
4434.21;0;1
4436.55;0;1
4437.59;0;1
4438.78;0;1
4443.98;0;1
4445.87;0;1
4450.09;0;1
4451.69;0;1
4453.82;0;1
4454.83;0;3
4455.83;0;1
4457.14;0.01;1
4458.17;0;1
4459.17;0;3
4462.35;0;1
4463.39;0;2
4465.19;0;1
4466.58;0;1
4467.73;0.01;3
4469.4;0;1
4474.44;0;1
4475.85;0;1
4476.85;0;3
4477.9;0;2
4482.44;0;1
4484.37;0;1
4485.44;0.01;2
4486.53;0;1
4487.57;0;1
4489.51;0;1
4491.55;0;1
4492.65;0.01;3
4494.31;0;1
4495.71;0;1
4498.76;0;1
4499.78;0;1
4500.81;0;1
4502.36;0.18;1
4504.96;0;1
4506.03;0;1
4507.85;0;1
4516.37;0;1
4517.54;0;1
4518.54;0.01;1
4522.87;0;1
4523.94;0;2
4525.45;0;1
4526.61;0;1
4528.68;0;1
4529.76;0;1
4531.11;0;1
4532.11;0;1
4533.16;0;1
4534.16;0;1
4535.2;0;1
4536.38;0;2
4537.43;0;4
4538.43;0;1
4539.45;0;2
4541.78;0;1
4542.78;0;1
4547.3;0;1
4548.33;0;2
4549.87;0;1
4550.89;0;1
4553.81;0;1
4554.87;0;2
4555.92;0;1
4557.05;0;1
4559.14;0;1
4560.16;0;2
4561.19;0;1
4562.41;0;2
4563.5;0;1
4564.53;0;1
4566.07;0;1
4567.12;0;1
4568.17;0;1
4569.21;0;1
4570.24;0.01;4
4572.09;0;1
4573.17;0;1
4574.18;0;1
4575.28;0;2
4576.3;0;1
4577.51;0;1
4578.54;0;1
4579.57;0;2
4582.24;0;1
4583.26;0;1
4584.28;0;2
4585.92;0;1
4586.93;0;1
4589.61;0;1
4590.68;0;1
4592.45;0;1
4593.46;0;1
4594.54;0;1
4595.83;0;1
4596.83;0;2
4597.91;0;2
4598.99;0;1
4599.99;0;1
4601.21;0;1
4602.57;0;1
4608.77;0;1
4609.99;0;1
4611.14;0;1
4612.46;0;1
4613.54;0.01;2
4614.54;0;1
4615.58;0;1
4616.85;0;1
4617.86;0;2
4619.06;0;2
4620.09;0;3
4621.13;0;2
4622.14;0;2
4623.17;0;5
4624.19;0;1
4625.23;0;1
4626.23;0;1
4627.3;0;1
4628.32;0;2
4630.6;0;1
4631.61;0;1
4633.69;0;1
4634.76;0;2
4635.9;0;2
4636.94;0;2
4639.96;0;1
4641.62;0;1
4642.91;0;1
4643.99;0.01;2
4645.01;0;2
4646.04;0;1
4648.11;0;1
4649.11;0;1
4652.74;0;1
4653.82;0;2
4654.83;0;1
4659.83;0;1
4664.24;0;1
4666.16;0;1
4667.27;0;1
4668.35;0;1
4669.75;0;1
4670.99;0;1
4672.49;0;1
4675.26;0;2
4676.59;0;1
4679.26;0;1
4680.37;0;2
4681.4;0;2
4682.43;0;1
4683.5;0;2
4685.05;0;1
4687.34;0;1
4688.41;0;3
4689.43;0;1
4690.46;0;1
4691.46;0.01;2
4692.46;0;1
4693.46;0;2
4694.48;0;2
4695.48;0;2
4697.46;0;1
4700;0;1
4701.67;0;1
4704.47;0;1
4705.5;0;1
4707.69;0;1
4708.7;0;2
4709.74;0;2
4710.76;0;1
4711.79;0;1
4712.83;0;2
4713.83;0;4
4714.87;0;2
4715.87;0;2
4716.91;0;2
4718.66;0;1
4719.68;0;1
4720.72;0;2
4721.72;0;2
4722.73;0;1
4723.77;0;2
4724.77;0;3
4725.79;0;2
4726.88;0;4
4727.89;0;2
4728.91;0;2
4729.91;0;3
4730.99;0;2
4732.08;0;1
4733.31;0.01;2
4734.55;0;1
4737.82;0;1
4738.88;0;1
4740.04;0;1
4741.06;0;1
4742.08;0;1
4743.11;0;2
4744.12;0;1
4745.13;0;1
4747.57;0.01;1
4749.95;0;1
4752.08;0;1
4753.08;0;1
4754.13;0;1
4755.13;0;1
4756.17;0;2
4757.21;0;2
4758.24;0;3
4759.26;0;3
4760.26;0;2
4761.27;0;2
4762.3;0;2
4763.34;0;2
4764.39;0;2
4765.5;0;3
4767.8;0;1
4769;0;1
4770.13;0;1
4771.17;0;2
4773.22;0;1
4774.25;0;2
4775.26;0;1
4776.3;0;1
4778.3;0;1
4780.55;0;1
4781.59;0;1
4783.02;0;1
4786.53;0;1
4787.97;0;1
4789;0;2
4790.02;0;1
4791.44;0;1
4794.13;0;1
4795.2;0;1
4797.47;0;1
4798.51;0;1
4799.53;0;2
4800.56;0;2
4802.91;0;1
4803.94;0;2
4804.95;0.01;3
4805.95;0;1
4810.5;0.19;1
4811.5;0;1
4812.82;0;3
4813.85;0;1
4816.41;0;1
4817.69;0;1
4818.73;0;1
4823.22;0;1
4825.15;0;1
4826.25;0;1
4827.26;0.01;2
4828.27;0;1
4830.15;0;1
4831.23;0.01;3
4832.31;0;1
4833.35;0;1
4834.39;0;2
4838.68;0;1
4840.22;0;1
4841.23;0;1
4843.89;0;1
4844.94;0;2
4846.19;0;1
4847.2;0;2
4848.4;0;1
4849.45;0;2
4850.53;0.01;3
4851.62;0;1
4852.65;0;1
4853.69;0;1
4854.73;0;2
4855.73;0;2
4856.75;0;2
4857.92;0;2
4864.47;0;1
4865.47;0;2
4866.63;0;1
4867.67;0;1
4869.34;0;1
4870.41;0;1
4873.25;0;1
4875.67;0;1
4879.95;0;1
4883.66;0;1
4884.84;0;1
4885.85;0;1
4887.02;0.03;1
4888.28;0.01;1
4889.28;0.01;1
4890.82;0;1
4893.92;0;1
4894.93;0;1
4895.93;0;1
4896.98;0;2
4897.98;0;3
4899.01;0.01;2
4900.55;0;1
4901.73;0;1
4902.78;0;3
4903.84;0;1
4904.87;0;1
4905.87;0;2
4906.92;0;2
4907.92;0;2
4908.96;0;2
4910.01;0;4
4911.05;0;3
4912.1;0;3
4913.1;0;3
4914.18;0;4
4915.18;0;1
4916.27;0;2
4917.28;0;2
4918.32;0;1
4919.32;0;1
4920.36;0;1
4921.39;0;2
4924.31;0;1
4925.4;0;2
4927.15;0;1
4928.22;0;3
4929.31;0;1
4930.68;0;1
4931.8;0;1
4932.81;0;1
4933.84;0;1
4934.88;0;1
4935.92;0.01;2
4936.94;0.01;3
4939.05;0;1
4940.12;0;1
4941.14;0;2
4942.67;0.01;1
4943.69;0.01;3
4944.7;0;1
4947.66;0.01;1
4948.68;0;2
4950.73;0;1
4951.79;0;2
4953.85;0;1
4954.88;0;1
4956.14;0.01;3
4957.19;0;1
4958.6;0;1
4959.63;0;1
4961.43;0;1
4962.64;0;2
4964.08;0;1
4965.12;0;2
4966.34;0;1
4967.56;0;2
4968.69;0;1
4969.71;0;1
4970.99;0;1
4972.07;0;3
4973.12;0;2
4974.12;0;3
4975.21;0;2
4978.12;0;1
4979.12;0;1
4980.6;0;1
4981.7;0;1
4984;0;1
4985.9;0;1
4987.97;0;1
4989.38;0;2
4990.45;0;1
4991.64;0;1
4992.64;0;2
4993.75;0.01;2
4994.76;0;1
4995.8;0.01;2
4998.03;0;1
4999.04;0;1
5000.29;0;1
5001.3;0.01;1
5002.34;0;1
5003.34;0;1
5004.58;0;1
5005.61;0;1
5006.96;0.01;1
5007.98;0.01;2
5008.98;0.01;1
5010.02;0.01;2
5011.05;0.01;1
5012.09;0.01;2
5013.13;0.01;1
5014.13;0;1
5015.15;0;1
5016.76;0;1
5017.77;0;1
5018.79;0;2
5019.8;0;1
5020.81;0;2
5021.81;0;1
5022.96;0;1
5026.34;0;1
5027.48;0;1
5028.48;0;3
5029.48;0;3
5030.49;0;3
5031.51;0;3
5032.51;0;4
5033.6;0;2
5034.6;0.01;3
5035.69;0;2
5036.74;0;1
5037.75;0.01;1
5040.2;0;1
5041.35;0;1
5042.46;0;2
5043.46;0;3
5044.46;0;1
5045.47;0;1
5046.51;0;2
5047.56;0;1
5048.59;0;1
5049.68;0;3
5050.69;0;1
5051.7;0;3
5052.73;0;2
5054.21;0;1
5055.56;0;1
5056.57;0;1
5059.52;0;1
5062.8;0;1
5063.82;0;2
5064.83;0;1
5066.11;0;1
5068.47;0;1
5069.91;0;1
5070.91;0;4
5071.94;0;1
5072.96;0.01;5
5073.99;0;3
5074.99;0;1
5075.99;0;2
5079.08;0;1
5080.12;0;1
5081.14;0;1
5087.34;0;1
5088.37;0;1
5092.45;0;1
5093.51;0;1
5094.54;0;1
5095.55;0;1
5098.25;0;1
5099.26;0;1
5100.26;0;3
5101.31;0.01;3
5102.87;0.01;1
5106.05;0;1
5107.29;0;1
5110.18;0;1
5111.22;0;1
5112.3;0;1
5113.43;0;2
5114.45;0;1
5115.47;0;1
5116.63;0;4
5117.65;0;1
5118.65;0;2
5119.68;0;1
5122.52;0;1
5123.55;0;2
5124.59;0;1
5125.61;0;1
5126.68;0;2
5127.7;0;2
5128.72;0;4
5129.74;0;4
5130.78;0;1
5131.78;0;1
5132.93;0;2
5133.97;0;1
5136.02;0;1
5137.07;0;1
5138.11;0;2
5141.11;0;2
5142.11;0;2
5143.23;0;1
5144.25;0;1
5149.34;0;1
5150.43;0;1
5151.49;0;1
5154.06;0;1
5156.24;0;1
5157.24;0.01;2
5158.28;0;3
5159.32;0.01;2
5160.36;0;3
5161.38;0;1
5162.38;0;3
5163.41;0;3
5164.45;0;2
5165.45;0;2
5166.49;0.01;4
5167.49;0;4
5168.53;0;2
5169.54;0;1
5170.54;0.01;3
5172.54;0;1
5174.63;0;1
5175.74;0;1
5177.58;0;1
5179.5;0;1
5180.53;0;1
5181.78;0;1
5182.81;0;1
5183.81;0;1
5186.34;0;1
5187.38;0.01;2
5190.74;0;1
5193.21;0;1
5194.31;0;1
5195.36;0.01;3
5196.42;0;1
5198.16;0;1
5199.26;0;1
5200.36;0;1
5201.55;0;1
5202.56;0;3
5203.62;0;1
5205.04;0;1
5206.13;0;1
5207.14;0;1
5211.26;0;2
5212.34;0;2
5213.37;0;1
5214.39;0;1
5215.42;0;3
5216.64;0;1
5218.99;0;1
5220.01;0;2
5222.64;0;1
5223.77;0;1
5225.23;0;1
5226.26;0;2
5227.34;0;3
5228.38;0;4
5229.54;0;3
5230.58;0.01;4
5231.59;0;2
5232.68;0;2
5233.68;0;1
5234.71;0;1
5236.34;0;1
5238.88;0;1
5242.24;0;1
5244.47;0.01;1
5245.77;0;1
5248.74;0;1
5249.74;0;1
5250.84;0.05;1
5251.85;0;1
5252.93;0;1
5253.96;0;1
5254.97;0;1
5256;0;1
5257.03;0;2
5258.82;0;1
5259.85;0;1
5261.94;0;1
5262.97;0;1
5264.02;0;1
5265.03;0;3
5269.85;0;1
5271.63;0;1
5272.93;0;1
5273.94;0;1
5274.99;0;1
5275.99;0;1
5277.02;0;1
5278.06;0;1
5279.11;0;1
5283.18;0;1
5284.22;0;1
5285.46;0;3
5286.47;0;1
5289.44;0;1
5294.03;0;1
5295.1;0;2
5297.12;0;1
5298.18;0;1
5299.33;0;1
5300.36;0;1
5301.42;0;1
5302.46;0.01;2
5303.52;0;1
5304.56;0;2
5305.58;0.01;2
5306.6;0.01;1
5307.63;0;1
5310.27;0;1
5312.17;0;1
5313.21;0;1
5314.21;0;1
5315.22;0;2
5316.34;0.01;3
5317.36;0;1
5319.76;0;1
5320.76;0;2
5322.95;0;1
5327.81;0;1
5328.81;0;1
5329.84;0;2
5332.1;0;1
5333.14;0;1
5334.16;0.01;3
5335.21;0;2
5336.23;0;1
5337.5;0;1
5338.57;0;1
5339.61;0.01;4
5342.07;0;1
5343.09;0.01;3
5344.12;0.01;1
5345.12;0.01;3
5346.17;0.01;3
5347.19;0;1
5352.41;0;1
5353.42;0;1
5357.32;0;1
5360.32;0.03;1
5361.52;0;1
5362.55;0;1
5363.56;0;1
5365.01;0;1
5366.19;0;1
5369.74;0;1
5372.44;0;1
5374.92;0;1
5375.95;0;1
5377.05;0;2
5378.08;0;1
5379.73;0;1
5380.74;0;1
5382.44;0;1
5383.45;0;1
5384.46;0;1
5387.76;0;1
5388.85;0;1
5390.41;0;1
5391.43;0;2
5392.48;0;2
5393.87;0;3
5394.91;0;1
5395.98;0;1
5397.53;0;1
5399.56;0;1
5400.58;0;1
5401.77;0;1
5402.82;0.01;3
5403.85;0;1
5404.86;0;1
5405.9;0;1
5408.98;0;1
5409.98;0;1
5411.02;0;1
5412.09;0.01;4
5413.1;0;1
5414.4;0;1
5415.44;0.01;5
5416.44;0;3
5417.49;0;2
5418.49;0.01;5
5419.49;0;5
5420.49;0;2
5421.49;0.01;4
5422.49;0.01;4
5423.59;0;3
5424.63;0;2
5425.63;0;3
5426.63;0.01;1
5427.65;0;2
5428.67;0;2
5429.74;0.26;2
5430.75;0;1
5431.79;0;1
5433.17;0;1
5434.22;0;3
5435.24;0;3
5436.29;0.01;3
5437.31;0.01;4
5438.34;0;2
5439.34;0.01;4
5440.36;0;3
5441.4;0.01;4
5442.41;0.01;3
5443.45;0;3
5444.49;0;3
5446.07;0;1
5447.09;0;1
5448.6;0;1
5449.87;0.02;2
5451.2;0.02;6
5452.22;0.02;7
5453.22;0;3
5454.24;0;3
5455.27;0.02;4
5456.27;0.02;4
5457.27;0;3
5458.36;0;2
5459.37;0;4
5460.4;0;1
5461.44;0;3
5462.58;0;2
5463.59;0;2
5464.6;0.03;3
5465.71;0;1
5466.84;0.03;1
5467.85;0;2
5468.88;0;1
5469.93;0;4
5471.7;0;1
5472.8;0;1
5473.81;0;3
5474.85;0;3
5475.87;0;3
5476.89;0.01;4
5477.89;0;3
5478.89;0.01;4
5479.93;0;4
5481.02;0.01;4
5482.02;0.02;4
5483.06;0.01;3
5484.1;0;2
5485.11;0;1
5486.11;0;2
5487.14;0;1
5488.18;0.02;2
5489.33;0;1
5490.33;0.03;4
5491.36;0;1
5494.57;0;1
5495.61;0;2
5496.61;0;1
5497.62;0;2
5502.76;0;1
5503.79;0;1
5504.83;0;2
5505.84;0.02;3
5506.86;0;1
5507.89;0.01;2
5508.91;0;1
5509.93;0.01;2
5511.26;0;1
5512.29;0;1
5513.3;0;1
5515.97;0;1
5517.33;0;1
5519.08;0;1
5520.26;0.02;1
5521.28;0;2
5522.33;0;1
5525.86;0;1
5526.97;0;1
5533.19;0;1
5534.22;0;2
5535.22;0;1
5536.22;0;1
5537.22;0;1
5538.22;0;1
5539.35;0;1
5540.35;0.02;3
5541.4;0;1
5543.52;0;1
5544.52;0;1
5545.55;0;1
5546.57;0;2
5547.6;0;1
5548.75;0;1
5549.75;0;1
5550.8;0;2
5551.8;0;1
5552.84;0;2
5553.88;0;2
5554.9;0;2
5555.93;0;3
5556.97;0;2
5557.98;0.01;3
5558.98;0;3
5562.87;0;1
5563.93;0;1
5565.02;0;3
5566.05;0;3
5567.29;0;3
5568.31;0;2
5569.34;0;1
5570.38;0;1
5571.38;0;4
5572.43;0;2
5573.43;0;2
5574.43;0;2
5575.47;0;1
5576.62;0;3
5577.65;0.01;5
5578.71;0;1
5580.55;0;1
5581.59;0;1
5584.21;0;1
5585.46;0;1
5586.72;0;1
5587.78;0;1
5588.82;0;2
5589.9;0;2
5590.94;0;1
5592.29;0;1
5593.29;0;2
5594.51;0;1
5595.51;0.01;3
5596.63;0;2
5597.67;0.02;3
5598.68;0.01;3
5599.82;0;1
5600.86;0;2
5603.4;0;1
5604.49;0.02;1
5605.49;0;1
5606.52;0;2
5608.1;0;1
5609.11;0;1
5610.9;0;1
5611.9;0;2
5614.48;0;1
5615.51;0;1
5616.53;0;1
5617.56;0;2
5618.57;0;1
5622.1;0;1
5623.14;0;1
5626.37;0;1
5627.4;0;1
5628.4;0;1
5629.57;0;1
5630.57;0;2
5631.66;0;1
5632.66;0;1
5634.44;0;1
5635.45;0;2
5636.97;0;1
5640.89;0;1
5642.65;0;1
5643.66;0;3
5644.84;0.01;3
5646.33;0;1
5647.47;0;2
5648.49;0;1
5649.67;0;1
5652.35;0;1
5654.13;0;1
5655.15;0;1
5656.17;0;1
5657.2;0;2
5658.29;0;1
5660.91;0;1
5661.92;0;2
5663.01;0;2
5664.05;0;2
5665.06;0;3
5666.07;0;3
5667.07;0;5
5668.11;0.01;4
5669.14;0;3
5670.14;0.01;3
5671.18;0;2
5672.2;0;1
5673.24;0;2
5674.47;0;3
5675.48;0;2
5676.49;0;1
5677.56;0;3
5678.57;0.01;4
5679.57;0;4
5680.57;0;3
5681.62;0;2
5682.65;0;3
5683.65;0;1
5684.69;0;2
5685.72;0;3
5686.75;0;3
5687.87;0;1
5689.28;0;2
5691.29;0;1
5692.31;0;1
5693.41;0;2
5695.03;0;1
5696.39;0;1
5697.59;0;2
5698.61;0;1
5700;0;1
5701.09;0.05;2
5702.18;0;3
5703.21;0;1
5704.24;0.02;3
5705.27;0;2
5706.3;0;1
5707.31;0;1
5711.7;0;1
5712.73;0;2
5713.75;0;1
5714.77;0;3
5715.77;0;4
5716.78;0.01;3
5717.89;0;1
5718.94;0;1
5719.94;0;1
5720.95;0;2
5721.98;0;3
5723.12;0;1
5724.35;0;1
5725.39;0;2
5726.39;0;1
5727.49;0;2
5728.51;0;2
5729.52;0;1
5730.61;0;1
5731.76;0;1
5732.93;0;1
5734.53;0;1
5735.58;0;3
5736.58;0;1
5737.62;0;4
5738.91;0;1
5739.95;0;1
5740.98;0;1
5742;0;1
5743.07;0;1
5744.19;0.01;1
5745.21;0.01;3
5746.23;0;4
5747.23;0;1
5748.25;0;1
5749.28;0;3
5750.28;0;2
5751.29;0;2
5752.4;0;1
5754.04;0;1
5755.44;0;1
5756.48;0;1
5757.48;0;3
5758.54;0;1
5760.34;0;1
5761.35;0;1
5762.49;0;2
5765.35;0;1
5766.37;0;2
5767.38;0;3
5768.62;0;2
5771.71;0;1
5772.71;0;2
5773.73;0;2
5774.75;0;3
5775.77;0;3
5776.8;0;3
5777.84;0.01;4
5778.87;0;2
5779.87;0;1
5780.89;0;2
5781.9;0;1
5782.95;0.01;4
5783.95;0;1
5784.97;0;2
5786.78;0;1
5787.81;0;3
5788.92;0;1
5790.44;0;1
5791.67;0.01;2
5792.69;0;2
5793.73;0;3
5794.77;0;2
5797.93;0;1
5799.11;0;2
5800.24;0;1
5802;0;1
5803.16;0;2
5804.2;0;1
5805.23;0;2
5806.38;0;4
5807.51;0;3
5808.51;0;2
5809.53;0;1
5810.55;0;2
5811.55;0;2
5812.59;0;1
5813.62;0;3
5814.65;0;3
5815.67;0;4
5816.71;0;3
5817.75;0;4
5818.76;0;2
5819.79;0;3
5821.35;0;1
5822.36;0.01;2
5823.5;0;2
5824.54;0;2
5825.55;0;1
5826.59;0;2
5827.6;0.01;4
5828.64;0;5
5829.64;0.01;6
5830.64;0;1
5831.69;0;2
5832.73;0;2
5833.73;0;3
5834.77;0;4
5835.81;0;3
5836.86;0;3
5837.86;0.01;4
5838.9;0;5
5839.92;0;2
5840.95;0;3
5841.97;0;2
5842.98;0.05;5
5844.02;0;4
5845.03;0;3
5846.03;0;2
5847.07;0;1
5848.07;0;1
5849.11;0.01;3
5850.14;0;3
5851.16;0;2
5852.21;0;4
5853.83;0;1
5854.87;0;3
5855.91;0;2
5856.91;0.01;2
5857.91;0;3
5858.93;0;2
5859.95;0.01;4
5860.95;0;3
5861.99;0;1
5863;0;1
5864.01;0;1
5865.05;0.01;4
5866.05;0;2
5867.06;0.01;5
5868.09;0;4
5869.12;0;3
5870.13;0;5
5871.14;0;2
5872.18;0;2
5873.18;0;2
5874.22;0;2
5875.23;0;4
5876.26;0;3
5877.27;0;2
5878.31;0;2
5879.35;0;3
5880.39;0.01;3
5881.43;0;2
5882.47;0;2
5883.47;0;2
5884.49;0;2
5885.53;0.01;3
5886.57;0.01;4
5887.58;0;1
5888.62;0.01;2
5889.63;0.01;4
5890.64;0.01;2
5891.68;0;2
5892.73;0;2
5893.73;0;2
5894.75;0;2
5895.78;0.01;3
5896.87;0;1
5897.91;0.01;2
5899.23;0;1
5900.55;0;1
5901.58;0;1
5902.59;0;4
5903.59;0;4
5904.62;0;4
5905.62;0;5
5906.66;0.01;7
5907.66;0;4
5908.67;0.01;5
5909.68;0;4
5910.69;0;2
5911.71;0;2
5912.73;0;1
5913.76;0;2
5914.79;0;3
5915.8;0.01;4
5916.81;0;2
5917.84;0;3
5918.86;0;2
5919.89;0;3
5920.89;0;5
5921.89;0;2
5922.93;0;3
5923.95;0.01;4
5925.01;0;1
5926.02;0;2
5927.21;0;1
5928.28;0;1
5929.29;0.01;1
5930.35;0.01;2
5931.45;0;1
5932.49;0;1
5933.53;0;1
5934.53;0;2
5935.56;0;1
5936.57;0;2
5937.61;0;2
5938.63;0;2
5939.66;0;2
5940.68;0;2
5941.72;0;2
5942.72;0.01;3
5943.76;0;1
5944.81;0.01;2
5945.81;0;5
5946.81;0;3
5947.83;0;2
5948.86;0;2
5949.95;0;5
5950.97;0;4
5951.98;0;1
5953.02;0;1
5954.24;0;1
5955.24;0;2
5956.27;0;1
5957.3;0;4
5958.34;0;2
5959.36;0;3
5960.77;0.01;1
5961.91;0;2
5963.79;0;1
5965.45;0;1
5966.48;0;2
5967.48;0;4
5968.49;0;3
5969.5;0;5
5970.5;0;5
5971.5;0.01;5
5972.5;0;3
5973.51;0.01;3
5974.57;0;1
5975.6;0.01;3
5976.61;0;1
5977.7;0;1
5978.7;0;1
5979.75;0.01;5
5980.79;0.01;6
5981.83;0;2
5982.83;0;3
5985.25;0;1
5986.28;0;2
5987.36;0;2
5988.39;0;4
5989.4;0;3
5990.44;0;2
5991.62;0;5
5992.63;0;1
5993.75;0;4
5994.77;0;1
5995.81;0;1
5996.81;0;3
5997.85;0.01;5
5998.95;0;2
6000;0;2
6001.04;0;2
6002.15;0;1
6003.19;0;1
6004.22;0;2
6005.26;0;3
6006.44;0;2
6007.45;0.12;3
6009.04;0;1
6010.04;0;3
6011.07;0;3
6014.46;0;1
6015.51;0;2
6016.51;0;2
6017.65;0;1
6018.67;0;1
6019.67;0.01;1
6020.68;0;1
6022.02;0;1
6023.05;0;2
6024.09;0;1
6025.11;0;2
6026.11;0;1
6027.14;0.01;4
6028.16;0.01;5
6029.19;0;5
6030.2;0;2
6031.23;0;3
6032.26;0;3
6033.28;0;2
6034.28;0;4
6035.41;0;3
6036.51;0;2
6037.55;0;3
6038.58;0;5
6039.6;0;2
6040.6;0;4
6041.64;0;2
6042.68;0.01;2
6043.71;0;1
6044.73;0.01;2
6045.77;0;1
6046.81;0;2
6047.81;0;2
6048.86;0;3
6049.88;0.01;3
6050.88;0;3
6051.9;0.01;4
6052.92;0;1
6053.93;0;2
6054.93;0;4
6055.94;0;3
6056.96;0;1
6057.99;0;2
6059.03;0;1
6060.11;0;1
6061.19;0;1
6062.39;0;1
6063.86;0;1
6064.96;0;1
6065.98;0;1
6066.98;0;1
6068.04;0;2
6069.06;0.01;5
6071.53;0;1
6072.56;0.01;5
6073.59;0;2
6074.6;0;1
6075.63;0;2
6076.63;0;2
6077.64;0;2
6079.39;0;1
6080.48;0.01;3
6082.29;0;1
6083.3;0;2
6084.35;0;2
6085.6;0;1
6086.62;0.03;1
6087.66;0.01;2
6090.64;0;1
6091.64;0;2
6092.66;0.01;3
6095.46;0.01;2
6096.52;0;2
6099.32;0;1
6100.44;0;1
6101.51;0;2
6102.51;0;2
6103.7;0.01;2
6104.74;0;2
6105.79;0;1
6107.01;0;1
6108.05;0;1
6109.08;0.01;3
6110.12;0.01;5
6111.21;0;4
6112.21;0;1
6113.24;0;2
6114.29;0;3
6115.3;0;1
6116.3;0.01;4
6117.3;0.01;2
6118.3;0;1
6119.35;0;1
6120.37;0;2
6121.37;0;2
6122.41;0;3
6123.54;0;3
6124.65;0.01;3
6125.81;0;2
6127.54;0;1
6128.75;0;3
6129.78;0;1
6130.82;0;1
6132;0;1
6133.75;0;1
6134.78;0;3
6135.9;0;3
6136.94;0;1
6138.03;0.01;3
6139.03;0;6
6140.05;0;1
6141.09;0;1
6142.14;0.01;3
6143.14;0.01;1
6144.15;0.01;3
6145.24;0;4
6146.29;0.01;6
6147.29;0.01;5
6148.33;0;4
6149.33;0;5
6150.38;0;2
6151.38;0;3
6152.39;0;3
6153.39;0;3
6154.39;0;2
6155.4;0;2
6156.41;0;3
6158.46;0;1
6159.46;0;1
6160.47;0;3
6161.47;0;2
6162.48;0;2
6163.51;0;4
6164.51;0;2
6165.53;0;4
6167.26;0;1
6168.35;0;3
6169.37;0.01;4
6170.4;0;1
6171.58;0;1
6172.6;0;2
6174.76;0;1
6175.79;0;1
6176.95;0;4
6177.95;0;3
6178.99;0;3
6179.99;0;3
6181.08;0;2
6182.08;0;2
6183.13;0;3
6184.17;0;1
6185.19;0;1
6186.23;0.01;5
6187.28;0;2
6189.04;0;1
6190.1;0;2
6191.11;0;3
6192.7;0;1
6193.83;0;1
6194.89;0;1
6196.06;0;2
6198.49;0;1
6199.52;0;2
6200.52;0.01;2
6201.71;0;1
6202.74;0;3
6203.75;0;1
6204.78;0;2
6205.91;0;2
6206.94;0;3
6207.97;0;2
6208.98;0.01;4
6210.39;0;1
6211.4;0;1
6212.41;0;2
6213.45;0.01;3
6214.46;0;4
6215.48;0;2
6216.52;0;4
6217.56;0;4
6218.56;0;2
6219.6;0.01;5
6220.75;0;1
6221.79;0.01;3
6222.8;0;3
6223.88;0.01;4
6224.92;0.09;2
6225.95;0;1
6226.99;0;1
6228.02;0.01;4
6229.06;0.01;4
6230.08;0;2
6231.11;0.02;5
6232.95;0;1
6233.96;0.01;4
6234.96;0;3
6235.96;0;3
6236.96;0;3
6238.04;0;2
6239.09;0;2
6240.13;0;3
6241.22;0.01;3
6242.25;0;1
6243.27;0;2
6244.27;0;2
6245.27;0.02;3
6246.29;0;2
6247.31;0;1
6248.33;0;2
6249.36;0;2
6250.4;0;2
6251.43;0.01;3
6252.47;0.01;3
6253.5;0;3
6254.56;0;2
6255.6;0;1
6256.7;0;2
6257.76;0;1
6258.79;0;1
6259.84;0.01;5
6260.87;0.01;5
6261.87;0;2
6262.87;0.01;5
6263.96;0;2
6265;0;5
6266.13;0;1
6267.21;0;1
6268.25;0;1
6269.29;0;1
6270.3;0;2
6271.55;0;1
6272.59;0;2
6274.38;0;1
6275.42;0;1
6277.01;0;1
6278.21;0.01;5
6279.21;0;3
6280.25;0;4
6281.26;0;3
6282.26;0;3
6283.26;0.01;3
6284.3;0;2
6285.34;0;3
6286.34;0;2
6287.38;0.01;5
6288.42;0;3
6289.47;0;3
6290.51;0;6
6291.54;0;4
6292.57;0;2
6293.67;0.01;4
6294.7;0;2
6295.73;0;2
6296.78;0;3
6297.79;0;1
6298.83;0.01;2
6299.86;0;1
6300.9;0;3
6301.9;0;3
6302.94;0;3
6303.97;0;4
6304.99;0;2
6306.01;0;1
6307.99;0;1
6309.01;0;3
6310.04;0;2
6311.05;0.01;2
6312.08;0;2
6313.15;0;2
6314.17;0;3
6315.17;0;1
6316.18;0;3
6317.22;0;1
6318.22;0;2
6319.23;0;1
6320.8;0;1
6321.87;0;1
6322.88;0;4
6323.88;0;2
6324.88;0.01;3
6325.93;0;4
6326.95;0;3
6327.97;0.01;6
6328.97;0;1
6329.97;0;2
6331.02;0;1
6332.07;0;2
6333.1;0;1
6334.11;0;2
6335.12;0;2
6336.14;0;2
6337.14;0;1
6338.19;0.01;4
6339.23;0;3
6340.28;0;2
6341.3;0;2
6342.38;0;1
6343.4;0;4
6344.41;0;1
6345.47;0.01;2
6346.72;0;2
6347.72;0.01;8
6348.94;0;4
6350.05;0;4
6351.06;0;3
6352.1;0;3
6353.12;0;3
6354.14;0.01;5
6355.21;0;2
6356.21;0.01;4
6357.24;0;1
6358.25;0;1
6359.39;0;2
6360.42;0;2
6361.51;0;1
6362.63;0;1
6363.63;0;1
6365.05;0;1
6366.08;0;2
6367.14;0;1
6368.35;0;1
6369.35;0;1
6370.35;0;1
6371.35;0;3
6372.35;0;2
6373.64;0;1
6374.67;0;1
6375.68;0;2
6376.72;0.03;2
6377.73;0;2
6378.73;0;3
6379.77;0.01;2
6380.81;0;2
6381.85;0;3
6382.89;0;2
6383.9;0;2
6385.1;0;3
6386.61;0;1
6387.63;0;2
6388.73;0.01;2
6389.81;0;1
6391.02;0;1
6392.03;0.01;4
6393.07;0;2
6394.11;0.01;6
6395.23;0;1
6396.24;0;3
6397.28;0;1
6398.33;0;1
6399.33;0;1
6400.37;0;1
6401.41;0;1
6402.42;0;1
6403.69;0;1
6404.87;0;2
6405.87;0;2
6406.87;0;1
6408.02;0;1
6409.07;0;3
6410.07;0;3
6411.08;0;1
6412.11;0.01;2
6413.11;0;3
6414.12;0;2
6415.16;0;3
6416.16;0.01;4
6417.25;0.01;2
6418.29;0;1
6419.63;0;1
6420.69;0.01;3
6421.7;0;2
6422.7;0.01;3
6423.88;0;1
6424.97;0;1
6425.99;0;1
6427.44;0;1
6428.47;0;1
6429.54;0.01;1
6430.54;0.01;3
6431.58;0.01;3
6432.59;0;1
6433.68;0;1
6434.68;0;2
6435.72;0;2
6437.67;0;1
6438.82;0;1
6439.85;0;1
6440.87;0.01;3
6441.87;0;1
6442.92;0;4
6443.96;0;1
6444.98;0.01;2
6446.02;0;3
6447.04;0;4
6448.06;0;3
6449.09;0.01;3
6450.09;0;6
6451.13;0;3
6452.15;0;1
6453.15;0;2
6454.19;0.01;2
6455.19;0.01;3
6456.22;0;3
6457.25;0;2
6458.3;0;1
6461.69;0;1
6462.72;0.01;6
6463.73;0;1
6464.77;0.01;5
6465.83;0.01;1
6466.86;0;1
6467.89;0;2
6468.91;0;1
6469.94;0;2
6470.95;0.01;1
6472.14;0;1
6473.15;0;1
6474.19;0;1
6475.24;0;2
6476.28;0.01;2
6477.28;0;3
6478.3;0;3
6479.31;0;2
6480.31;0;1
6481.35;0;3
6482.4;0;1
6483.41;0;2
6484.42;0;2
6485.43;0;2
6486.46;0;2
6487.48;0;1
6488.49;0;1
6489.62;0;1
6490.64;0;1
6491.68;0;4
6492.71;0;3
6493.73;0;6
6494.88;0;2
6495.97;0.12;6
6497;0;2
6498.03;0;1
6499.22;0;2
6500.27;0;3
6501.28;0;3
6502.47;0;1
6503.5;0.01;1
6504.75;0;2
6506.32;0.01;1
6507.46;0;3
6508.47;0.01;3
6509.49;0;2
6510.52;0;3
6511.58;0;1
6512.61;0;1
6513.61;0;2
6514.61;0;1
6515.7;0;4
6516.76;0;1
6517.85;0;2
6518.89;0;2
6519.91;0;1
6521.14;0;2
6522.38;0;4
6523.39;0;3
6524.41;0;2
6525.41;0.01;6
6526.45;0;3
6527.49;0.01;4
6528.53;0;4
6529.57;0;2
6530.61;0.01;4
6531.63;0;1
6532.66;0.01;3
6533.67;0;2
6534.71;0;3
6535.71;0;1
6536.73;0;2
6537.77;0;1
6538.81;0;3
6539.82;0;1
6540.86;0.02;2
6541.89;0.01;3
6542.92;0.02;3
6543.94;0.01;4
6544.99;0;4
6546.03;0;3
6547.07;0;1
6548.09;0;1
6549.12;0.01;1
6550.12;0;1
6551.27;0;1
6552.3;0.01;4
6553.31;0;4
6554.33;0;2
6555.4;0.01;2
6556.44;0.02;6
6557.46;0;2
6558.49;0.01;4
6559.5;0;2
6560.5;0.01;5
6561.5;0;4
6562.53;0;3
6563.53;0;4
6564.57;0;4
6565.84;0;1
6566.94;0;1
6567.95;0;1
6569.05;0;1
6570.2;0;2
6571.2;0;1
6572.37;0;1
6573.38;0;1
6574.42;0;2
6575.46;0;1
6576.47;0;4
6577.52;0;2
6578.53;0;3
6579.54;0;1
6580.79;0;1
6581.8;0.01;2
6582.87;0;1
6583.91;0;1
6584.92;0;1
6585.92;0;1
6586.93;0;3
6587.96;0;1
6589.44;0;1
6591;0;1
6592.12;0;4
6593.15;0;3
6594.15;0;3
6595.16;0;3
6598.18;0;1
6599.3;0;1
6600.39;0;1
6601.8;0;1
6602.82;0.01;2
6603.85;0;2
6605.15;0;1
6606.17;0;1
6607.2;0;1
6608.47;0;1
6609.58;0.01;2
6610.63;0;1
6611.72;0;1
6612.72;0;1
6613.73;0;1
6614.78;0;3
6615.8;0;1
6618;0;1
6619.03;0.01;3
6621.09;0;1
6622.12;0;1
6623.32;0;1
6624.36;0;2
6625.39;0;1
6626.47;0;2
6627.58;0;2
6628.61;0;1
6629.63;0;1
6630.63;0;1
6631.66;0;1
6632.71;0;2
6633.74;0.01;3
6635.04;0.01;3
6636.1;0;1
6637.15;0;2
6638.19;0;1
6639.2;0;1
6640.24;0;3
6641.26;0;3
6642.27;0;5
6644.78;0;1
6645.8;0;2
6646.8;0;2
6647.8;0;2
6648.83;0.02;2
6649.83;0;4
6650.83;0;2
6651.84;0;3
6653;0;1
6654.91;0;1
6656.29;0;1
6658.15;0;2
6659.23;0;2
6660.31;0;1
6663.03;0;1
6664.11;0;1
6667.53;0;1
6668.56;0;1
6669.59;0;2
6670.62;0;5
6672;0;1
6673.01;0;2
6674.03;0;2
6675.18;0;1
6676.22;0;1
6679.16;0;1
6683.66;0;1
6684.82;0;2
6685.82;0;1
6686.82;0;1
6687.85;0;2
6688.88;0;3
6689.88;0;2
6690.93;0;3
6691.95;0.01;3
6692.96;0;2
6694;0;2
6695.18;0;2
6696.18;0;2
6697.18;0;2
6698.18;0;2
6699.77;0;1
6700.87;0;1
6701.91;0;6
6702.93;0;3
6704.68;0;1
6706.74;0.01;1
6707.77;0;1
6710.07;0;1
6711.25;0;3
6712.31;0;1
6713.34;0;1
6715.4;0;1
6716.43;0;1
6717.45;0;2
6718.48;0.01;3
6719.48;0;2
6720.48;0;1
6721.48;0;2
6722.49;0;1
6723.52;0;2
6724.52;0;3
6725.56;0.01;3
6726.56;0;4
6727.62;0;3
6728.7;0.01;1
6729.71;0;3
6730.74;0;1
6731.77;0;3
6733.68;0;1
6734.71;0;2
6735.9;0.01;2
6736.91;0;1
6737.96;0;2
6738.98;0;1
6740;0;2
6741.06;0;1
6742.09;0;3
6743.1;0;1
6744.14;0;2
6745.14;0;2
6746.16;0;2
6747.19;0;2
6748.19;0.01;3
6749.23;0;2
6750.23;0;4
6751.23;0.01;6
6752.24;0;3
6753.28;0;3
6754.32;0;3
6755.36;0.01;5
6756.42;0.01;3
6757.5;0;1
6758.53;0;3
6759.54;0.02;2
6760.58;0.02;6
6761.59;0;3
6762.59;0;3
6763.62;0;2
6764.73;0;3
6765.76;0;2
6767.36;0;1
6768.58;0;1
6770.25;0;1
6771.25;0;3
6772.28;0;3
6773.28;0;2
6774.52;0;1
6775.65;0;2
6776.71;0;1
6777.74;0.01;2
6778.78;0;2
6779.85;0;3
6780.9;0;2
6781.92;0;1
6783.93;0;1
6784.96;0;2
6785.99;0;1
6787.03;0;2
6788.05;0;3
6789.06;0;2
6790.08;0;3
6791.08;0;2
6792.1;0;2
6793.75;0;1
6794.86;0;1
6796.11;0.01;4
6797.13;0.01;5
6798.2;0;3
6799.25;0;3
6800.25;0;4
6801.27;0.01;5
6802.31;0;4
6803.32;0;3
6804.35;0;3
6805.35;0;3
6806.37;0;1
6807.4;0;2
6808.44;0;3
6809.44;0;3
6810.44;0.01;6
6811.44;0;3
6812.47;0;2
6813.6;0;2
6814.61;0;2
6815.66;0.01;4
6816.7;0;1
6817.7;0;2
6818.7;0;2
6819.76;0;1
6820.91;0;1
6821.91;0.07;3
6822.94;0;3
6823.96;0;2
6826.91;0;1
6827.94;0.01;5
6828.95;0;1
6829.98;0.01;2
6831.07;0.03;1
6832.1;0;2
6833.35;0;1
6834.89;0;1
6836.05;0;2
6837.14;0;3
6839.14;0;1
6840.24;0;1
6841.25;0;1
6843.04;0;1
6844.3;0;1
6845.32;0;1
6846.37;0;1
6847.88;0;1
6849;0;1
6850.02;0;1
6851.05;0;1
6852.07;0;2
6853.09;0;2
6854.23;0.01;2
6855.24;0;2
6856.29;0;2
6857.29;0.02;3
6858.3;0;5
6859.3;0;2
6860.31;0;4
6861.33;0;1
6862.37;0;1
6863.37;0;2
6864.46;0;1
6865.47;0;1
6866.52;0.01;4
6867.54;0.01;3
6868.59;0.01;6
6869.59;0.01;4
6870.63;0;2
6871.63;0;2
6872.68;0;2
6873.71;0.01;4
6874.71;0.05;3
6875.72;0.04;3
6876.76;0;2
6877.8;0;3
6878.8;0;2
6879.8;0;3
6880.83;0.01;5
6881.9;0;3
6882.9;0.01;6
6883.9;0;1
6884.94;0;1
6885.94;0;3
6886.99;0;2
6888.03;0;3
6889.23;0;1
6890.23;0;1
6891.24;0.01;3
6893.02;0;1
6894.1;0;1
6895.12;0;1
6896.15;0;1
6897.48;0;1
6898.52;0;3
6899.55;0;4
6902.17;0;1
6903.19;0;1
6904.28;0;1
6905.3;0;1
6906.33;0;2
6907.35;0;3
6909.79;0;1
6910.81;0;3
6911.84;0;1
6912.88;0;1
6914;0.01;4
6915.02;0;1
6916.02;0;3
6917.05;0;6
6918.06;0.01;3
6919.07;0;1
6920.34;0;1
6921.36;0;1
6922.46;0;1
6923.65;0;2
6924.68;0;4
6925.82;0;2
6926.85;0;4
6927.9;0;3
6928.91;0;3
6929.91;0;1
6930.91;0;1
6932.06;0;2
6933.07;0;1
6934.21;0.01;2
6935.24;0;1
6936.24;0.01;6
6937.25;0;1
6938.29;0;2
6939.33;0;1
6940.33;0;2
6941.42;0.01;2
6942.44;0;3
6943.48;0.01;6
6944.49;0.01;1
6945.5;0;2
6946.54;0;2
6947.54;0.01;2
6948.68;0.01;5
6949.7;0;1
6950.77;0;1
6951.79;0;3
6952.81;0;2
6953.83;0;2
6954.85;0;1
6955.88;0;2
6957.37;0;1
6958.5;0;1
6959.5;0;1
6960.52;0.01;3
6961.57;0;2
6962.86;0;1
6964.07;0;1
6965.79;0;1
6966.79;0;4
6967.81;0;1
6968.84;0;2
6969.87;0;2
6970.87;0;1
6971.87;0;1
6972.92;0;4
6973.96;0.02;4
6974.97;0;4
6976.02;0;1
6977.06;0;5
6978.11;0;2
6979.14;0;2
6980.16;0;3
6981.19;0;1
6982.23;0.01;3
6983.33;0.01;5
6984.35;0;3
6985.37;0;4
6986.38;0;5
6987.38;0;2
6988.42;0;2
6989.45;0;3
6990.47;0;4
6991.47;0;3
6992.48;0;7
6993.53;0.01;5
6994.57;0;4
6997.93;0;1
6998.95;0.01;2
6999.97;0;1
7000.97;0.01;4
7001.99;0;5
7003.03;0;5
7004.06;0;4
7005.08;0;2
7006.1;0;3
7007.12;0;2
7008.15;0;3
7009.39;0;2
7010.48;0;2
7011.52;0;2
7012.53;0;2
7013.55;0;2
7014.55;0;1
7015.59;0;1
7016.61;0.01;4
7017.65;0;4
7018.67;0;2
7019.67;0;5
7020.76;0.01;3
7021.84;0;3
7023.03;0;1
7024.04;0;1
7025.15;0;1
7026.16;0;4
7027.18;0;3
7028.21;0;1
7029.21;0;1
7030.25;0.01;1
7031.32;0;2
7032.4;0;3
7033.43;0;4
7034.43;0;3
7035.43;0.01;1
7036.45;0;2
7037.46;0;3
7038.49;0.02;3
7039.53;0;3
7040.53;0.01;3
7041.53;0.01;3
7042.6;0;1
7043.62;0;2
7044.65;0;1
7045.67;0;2
7046.69;0;2
7047.72;0;3
7048.72;0;1
7049.73;0;1
7050.77;0;2
7051.82;0;4
7052.82;0;2
7053.91;0;4
7054.93;0.01;3
7055.95;0;2
7057;0;4
7058.03;0;2
7059.72;0;1
7060.79;0;3
7061.83;0;1
7062.91;0;2
7063.95;0;3
7064.98;0;1
7066;0.01;3
7067.06;0;2
7068.08;0;2
7069.13;0;2
7070.15;0;2
7071.17;0;2
7072.17;0;1
7073.17;0;4
7074.17;0;3
7075.26;0;2
7076.26;0;1
7077.29;0;3
7078.3;0;2
7079.31;0;3
7081.4;0;1
7082.49;0;3
7083.5;0;1
7084.52;0.01;4
7086.24;0;1
7087.54;0;1
7089.24;0;1
7090.26;0;1
7091.26;0;1
7092.3;0;2
7093.34;0;3
7094.34;0.01;5
7095.35;0;1
7096.38;0.01;4
7097.56;0;3
7098.76;0;1
7099.87;0;2
7100.92;0;3
7103.77;0;1
7104.92;0;2
7106.11;0;3
7107.11;0;3
7108.14;0;3
7109.15;0.01;2
7110.19;0;2
7111.19;0;2
7112.24;0;2
7113.24;0.02;6
7114.24;0.01;3
7115.27;0;4
7116.34;0.08;3
7117.36;0;3
7118.38;0;4
7119.41;0;3
7121.09;0;1
7122.12;0;2
7123.15;0;2
7124.17;0;2
7125.21;0;2
7126.38;0;1
7127.44;0;1
7128.46;0;2
7129.87;0;2
7130.87;0;3
7131.89;0;3
7133.1;0;2
7134.14;0;2
7135.14;0;2
7136.15;0;1
7137.17;0;2
7138.18;0.01;2
7139.21;0;1
7140.24;0;1
7141.29;0;1
7142.29;0.01;2
7143.32;0;1
7144.36;0;3
7145.39;0;4
7146.45;0;3
7147.47;0;1
7148.5;0;2
7149.52;0;5
7150.52;0;4
7151.61;0;2
7152.62;0;1
7153.65;0;2
7154.65;0;5
7155.67;0;1
7158.1;0.01;1
7159.17;0;1
7160.17;0;2
7161.28;0;1
7162.36;0;1
7163.38;0;2
7164.39;0;1
7165.4;0.01;5
7166.42;0;1
7167.42;0.01;3
7168.42;0;2
7169.47;0;5
7170.47;0;3
7171.48;0;5
7172.52;0;2
7173.56;0;2
7175.67;0;1
7176.69;0;1
7177.82;0;4
7178.98;0;1
7180.01;0;1
7181.05;0.01;3
7182.06;0;1
7183.07;0;3
7184.13;0.01;2
7185.14;0;3
7186.47;0;1
7187.47;0;1
7188.51;0.01;3
7189.54;0;1
7190.59;0;1
7191.59;0.01;1
7192.64;0;1
7193.73;0.01;1
7194.74;0;2
7195.76;0.01;2
7196.77;0.01;3
7197.99;0;2
7199.04;0;1
